Time,yaw,pitch,roll,magx,magy,magz,accelx,accely,accelz,gyrox,gyroy,gyroz
0.14597392082214355,-99.268,-1.208,4.031,0.0205,0.2638,0.4141,-0.147,-0.675,-9.746,9.2e-05,0.001218,-0.001098
0.2536158561706543,-99.269,-1.207,4.03,0.0215,0.2614,0.4129,-0.168,-0.699,-9.694,0.000924,0.001601,-1.7e-05
0.3928818702697754,-99.271,-1.207,4.029,0.0204,0.265,0.4088,-0.135,-0.682,-9.686,0.000755,-0.000381,0.000105
0.5874588489532471,-99.269,-1.207,4.029,0.0226,0.2626,0.4116,-0.25,-0.667,-9.71,0.00086,-0.000348,7e-06
0.6965839862823486,-99.27,-1.207,4.028,0.0217,0.2687,0.4141,-0.202,-0.696,-9.729,-0.000543,0.000508,0.000684
0.8309099674224854,-99.269,-1.209,4.03,0.0205,0.2662,0.4127,-0.262,-0.655,-9.72,-0.000597,0.001167,0.000671
1.0222358703613281,-99.269,-1.206,4.028,0.0227,0.2674,0.4141,-0.197,-0.704,-9.711,7e-06,0.00067,-0.000479
1.1476919651031494,-99.267,-1.208,4.026,0.0184,0.2639,0.4166,-0.202,-0.709,-9.69,0.00025,4e-05,-0.000377
1.290259838104248,-99.265,-1.21,4.028,0.0216,0.2651,0.4168,-0.17,-0.693,-9.688,-0.00066,0.000422,-0.001245
1.4829638004302979,-99.268,-1.21,4.03,0.0216,0.2638,0.4141,-0.272,-0.684,-9.72,0.000544,-0.000199,-0.000868
1.638225793838501,-99.267,-1.209,4.03,0.0204,0.2626,0.4102,-0.226,-0.687,-9.708,0.000422,0.000974,9.1e-05
1.7760789394378662,-99.264,-1.209,4.029,0.0216,0.2662,0.4141,-0.177,-0.716,-9.716,-0.000792,0.00033,-0.000478
1.9213759899139404,-99.261,-1.208,4.031,0.0195,0.2711,0.4113,-0.204,-0.693,-9.696,-0.000484,0.002011,1.6e-05
2.126013994216919,-99.262,-1.209,4.03,0.0206,0.2675,0.4167,-0.239,-0.666,-9.708,0.000902,-0.00021,-0.000732
2.272840976715088,-99.261,-1.208,4.03,0.0205,0.2651,0.4154,-0.272,-0.656,-9.711,0.000189,-0.000757,0.000159
2.4147789478302,-99.262,-1.207,4.032,0.0194,0.2663,0.4114,-0.224,-0.695,-9.697,-0.000758,0.000145,0.000681
2.523463010787964,-99.261,-1.205,4.031,0.0226,0.2638,0.4129,-0.253,-0.659,-9.67,0.000361,-5e-05,0.000388
2.666055917739868,-99.263,-1.209,4.03,0.0194,0.2651,0.414,-0.243,-0.676,-9.69,0.000759,0.000472,0.001099
2.8562519550323486,-99.264,-1.208,4.028,0.0216,0.2663,0.4167,-0.2,-0.693,-9.698,-0.00071,0.000385,-0.000882
2.990220785140991,-99.262,-1.211,4.03,0.0205,0.2615,0.4154,-0.16,-0.674,-9.732,-0.000238,0.000494,7.7e-05
3.13777494430542,-99.265,-1.21,4.031,0.0184,0.2687,0.4139,-0.21,-0.657,-9.681,-0.000513,0.000782,-0.000887
3.2779829502105713,-99.262,-1.211,4.031,0.0205,0.2639,0.4167,-0.246,-0.651,-9.666,-0.001136,-0.000466,0.000629
3.4237899780273438,-99.262,-1.209,4.031,0.0205,0.2674,0.4114,-0.213,-0.676,-9.722,0.000451,0.000443,0.000438
3.527796983718872,-99.259,-1.207,4.031,0.0216,0.2639,0.4194,-0.262,-0.671,-9.681,-0.000233,-0.000545,0.000706
3.6763839721679688,-99.256,-1.209,4.033,0.0214,0.2626,0.4063,-0.243,-0.694,-9.718,-0.000157,-0.000464,0.000695
3.810818910598755,-99.255,-1.209,4.034,0.0194,0.265,0.4087,-0.263,-0.656,-9.74,0.000246,-8.2e-05,7.6e-05
3.9174787998199463,-99.258,-1.209,4.032,0.0204,0.2614,0.4141,-0.21,-0.69,-9.707,5e-05,-0.000151,0.000113
4.10718297958374,-99.257,-1.21,4.031,0.0194,0.2651,0.4127,-0.171,-0.692,-9.676,0.000126,0.0012,0.000164
4.242729902267456,-99.258,-1.208,4.03,0.0205,0.265,0.4128,-0.157,-0.7,-9.679,0.001297,-0.001418,-0.000963
4.350984811782837,-99.257,-1.208,4.031,0.0215,0.2638,0.4128,-0.206,-0.718,-9.699,-0.000507,0.000175,-0.001131
4.459235906600952,-99.255,-1.207,4.029,0.0194,0.2663,0.4127,-0.224,-0.691,-9.701,-0.000619,-0.00173,0.000261
4.568781852722168,-99.256,-1.207,4.028,0.0217,0.2675,0.418,-0.249,-0.649,-9.711,-0.00064,-0.001238,0.000505
4.7061607837677,-99.251,-1.205,4.027,0.0237,0.265,0.4103,-0.221,-0.679,-9.698,0.000785,0.000444,6.8e-05
4.858625888824463,-99.251,-1.206,4.027,0.0215,0.2614,0.4155,-0.2,-0.697,-9.658,-0.000173,-0.000877,0.000289
4.973455905914307,-99.253,-1.207,4.028,0.0238,0.2674,0.4155,-0.235,-0.691,-9.694,0.000244,0.000206,0.000455
5.099071979522705,-99.252,-1.207,4.03,0.0216,0.2662,0.4141,-0.2,-0.654,-9.725,-5.5e-05,-0.000234,-0.000234
5.339005947113037,-99.251,-1.205,4.027,0.0195,0.2651,0.4166,-0.254,-0.689,-9.708,-0.000758,0.000185,0.000196
5.521730899810791,-99.244,-1.202,4.031,0.0205,0.2686,0.4114,-0.193,-0.689,-9.708,0.000572,0.000987,-0.000961
5.682039976119995,-99.241,-1.199,4.031,0.0205,0.265,0.4101,-0.175,-0.69,-9.692,0.000766,0.000268,0.001039
5.845618963241577,-99.239,-1.201,4.032,0.0217,0.2675,0.4154,-0.222,-0.654,-9.719,0.000596,0.00011,1.1e-05
5.998178958892822,-99.242,-1.204,4.035,0.0227,0.265,0.4142,-0.275,-0.651,-9.685,-0.000958,-0.000296,-0.000636
6.1059088706970215,-99.241,-1.204,4.035,0.0194,0.2615,0.418,-0.196,-0.666,-9.704,0.000645,0.000762,-0.000396
6.251897811889648,-99.241,-1.204,4.037,0.0216,0.2651,0.4154,-0.247,-0.669,-9.711,0.000689,-0.000884,-0.000242
6.430569887161255,-99.238,-1.201,4.034,0.0205,0.2638,0.4115,-0.142,-0.706,-9.718,-0.000642,-0.001292,2e-05
6.560546875,-99.24,-1.201,4.034,0.0184,0.2651,0.4153,-0.176,-0.691,-9.686,0.000404,-0.0001,0.000379
6.669933795928955,-99.245,-1.2,4.035,0.0205,0.2663,0.4141,-0.202,-0.697,-9.66,0.000318,0.00037,-8.6e-05
6.776753902435303,-99.248,-1.2,4.035,0.0216,0.2662,0.4141,-0.271,-0.664,-9.693,0.000799,-0.000898,0.000105
6.887786865234375,-99.252,-1.203,4.036,0.0205,0.2615,0.4154,-0.281,-0.669,-9.673,0.001478,-0.000274,-5.9e-05
7.030642986297607,-99.247,-1.205,4.034,0.0204,0.2638,0.4115,-0.22,-0.693,-9.701,-0.000914,0.00076,0.001259
7.193108797073364,-99.246,-1.206,4.035,0.0184,0.2675,0.4152,-0.192,-0.701,-9.676,0.000279,0.000775,0.001334
7.341209888458252,-99.244,-1.206,4.033,0.0195,0.2651,0.4153,-0.168,-0.703,-9.724,-0.000351,0.00016,0.000545
7.494696855545044,-99.242,-1.207,4.034,0.0205,0.2639,0.4141,-0.175,-0.677,-9.664,0.000848,-0.000148,0.00146
7.597524881362915,-99.24,-1.208,4.033,0.0226,0.2626,0.4155,-0.182,-0.697,-9.697,0.001178,0.00067,1.4e-05
7.707037925720215,-99.24,-1.21,4.032,0.0248,0.2662,0.4156,-0.141,-0.703,-9.72,-3e-06,-0.000652,0.000554
7.8418779373168945,-99.24,-1.208,4.031,0.0215,0.2662,0.4088,-0.144,-0.695,-9.699,0.000839,-0.001351,7.5e-05
7.979890823364258,-99.239,-1.209,4.032,0.0205,0.2639,0.4141,-0.159,-0.694,-9.692,0.000429,0.00096,9.1e-05
8.087607860565186,-99.237,-1.207,4.035,0.0215,0.2626,0.4115,-0.175,-0.701,-9.693,0.000218,-0.000346,-0.000224
8.278158903121948,-99.238,-1.204,4.036,0.0205,0.265,0.4128,-0.248,-0.661,-9.71,-0.0014,0.000284,0.000166
8.47003984451294,-99.236,-1.203,4.032,0.0206,0.2675,0.4167,-0.206,-0.712,-9.703,-0.001258,0.000275,-8.2e-05
8.667577981948853,-99.23,-1.204,4.033,0.0195,0.2639,0.4167,-0.211,-0.682,-9.713,0.000937,-0.000237,-0.001251
8.807651996612549,-99.228,-1.203,4.034,0.0217,0.2699,0.414,-0.251,-0.676,-9.678,-0.000519,4.2e-05,2.8e-05
8.911572933197021,-99.231,-1.203,4.033,0.0238,0.2674,0.4142,-0.19,-0.701,-9.7,0.000613,0.000409,-0.0009
9.022825002670288,-99.23,-1.202,4.034,0.0205,0.2638,0.4115,-0.177,-0.655,-9.708,-0.000575,0.000306,0.00088
9.18238377571106,-99.229,-1.202,4.034,0.0205,0.2638,0.4115,-0.249,-0.647,-9.706,0.000343,0.000734,0.000296
9.321488857269287,-99.229,-1.203,4.033,0.0248,0.2638,0.413,-0.24,-0.692,-9.712,-0.001042,-0.00032,-0.00092
9.4322350025177,-99.229,-1.2,4.036,0.0216,0.265,0.4141,-0.225,-0.666,-9.723,0.000366,0.001717,-0.000451
9.577565908432007,-99.222,-1.199,4.037,0.0194,0.2663,0.4114,-0.256,-0.656,-9.702,0.001131,-0.000475,-0.000537
9.685740947723389,-99.224,-1.198,4.036,0.0205,0.2627,0.4154,-0.218,-0.66,-9.69,-0.000497,3.7e-05,-0.000659
9.81371283531189,-99.224,-1.198,4.034,0.0215,0.2614,0.4142,-0.193,-0.683,-9.665,0.000396,-0.000806,-0.001107
9.935105800628662,-99.222,-1.199,4.035,0.0195,0.2663,0.4153,-0.19,-0.656,-9.671,-0.000861,0.00086,-0.000763
10.077380895614624,-99.218,-1.198,4.036,0.0216,0.2639,0.4155,-0.248,-0.64,-9.677,0.000275,0.00024,-0.000209
10.260887861251831,-99.215,-1.201,4.031,0.0215,0.2638,0.4115,-0.208,-0.67,-9.713,-0.000681,-0.002239,-0.000479
10.407010793685913,-99.215,-1.202,4.032,0.0216,0.2686,0.4101,-0.16,-0.727,-9.724,0.000553,0.000135,6e-05
10.596152782440186,-99.215,-1.203,4.033,0.0226,0.2662,0.4115,-0.232,-0.704,-9.677,-0.000785,7.5e-05,0.000398
10.699148893356323,-99.216,-1.204,4.032,0.0216,0.2662,0.4141,-0.191,-0.682,-9.676,-0.001181,0.000312,0.000397
10.804260969161987,-99.216,-1.206,4.031,0.0215,0.2614,0.4155,-0.16,-0.672,-9.697,0.000143,-0.000333,0.000268
10.946517944335938,-99.213,-1.205,4.031,0.0227,0.2675,0.4155,-0.166,-0.71,-9.681,-0.000549,-0.000201,0.000829
11.085644960403442,-99.214,-1.204,4.029,0.0215,0.2638,0.4089,-0.188,-0.697,-9.684,0.001171,-0.000606,-0.000381
11.230401992797852,-99.22,-1.207,4.03,0.0216,0.2662,0.4115,-0.223,-0.663,-9.669,0.001184,0.00023,-1.4e-05
11.370422840118408,-99.222,-1.205,4.031,0.0205,0.2638,0.4128,-0.231,-0.666,-9.697,-7.9e-05,0.001808,0.000305
11.559071779251099,-99.223,-1.206,4.03,0.0195,0.2663,0.414,-0.178,-0.702,-9.688,0.0001,2.6e-05,-0.000419
11.699818849563599,-99.227,-1.207,4.031,0.0205,0.2638,0.4115,-0.145,-0.713,-9.679,0.001075,-0.000115,0.000684
11.847128868103027,-99.23,-1.205,4.031,0.0216,0.2675,0.4141,-0.133,-0.682,-9.66,-0.000544,0.000781,-0.001083
11.953590869903564,-99.231,-1.205,4.032,0.0205,0.2651,0.4154,-0.145,-0.679,-9.656,-0.000137,-0.000603,0.000165
12.088575839996338,-99.228,-1.204,4.03,0.0226,0.2674,0.4102,-0.159,-0.702,-9.703,0.000802,0.000814,-0.00042
12.280149936676025,-99.23,-1.203,4.03,0.0194,0.2651,0.4114,-0.251,-0.674,-9.687,-0.000113,-0.001776,0.000377
12.422151803970337,-99.23,-1.203,4.03,0.0217,0.2723,0.4153,-0.266,-0.68,-9.683,0.000149,-0.001358,-0.000204
12.557746887207031,-99.232,-1.204,4.029,0.0227,0.2627,0.4182,-0.259,-0.686,-9.692,-0.000653,-0.000764,-0.000756
12.69333791732788,-99.232,-1.204,4.03,0.0215,0.2626,0.4115,-0.29,-0.68,-9.698,-0.000218,-0.000117,0.001155
12.837216854095459,-99.214,-1.188,3.969,0.0215,0.2626,0.4102,-0.155,-0.634,-9.713,-0.023151,-0.007683,-0.000505
13.027649879455566,-99.181,-1.157,4.047,0.0204,0.2614,0.4115,-0.446,-0.715,-9.611,-0.007747,0.007333,0.003385
13.132986783981323,-99.174,-1.164,3.969,0.0205,0.2626,0.4141,0.01,-0.864,-9.623,0.002169,-0.031917,-0.01745
13.3675057888031,-99.192,-1.229,3.699,0.0172,0.2603,0.4153,-0.164,-0.668,-9.691,-0.013068,-0.003067,-0.002208
13.564387798309326,-99.222,-1.265,3.486,0.0216,0.2663,0.4154,-0.23,-0.597,-9.694,-0.020164,0.027275,0.008417
13.707336902618408,-99.364,-1.248,3.395,0.0204,0.2579,0.4181,-0.186,-1.218,-9.578,0.002738,0.016766,-0.004582
13.847898006439209,-99.307,-1.256,3.318,0.0227,0.2627,0.4221,-0.648,-0.506,-9.604,0.026359,-0.021095,-0.033558
13.95560097694397,-99.319,-1.252,3.48,0.0216,0.2615,0.4195,-0.127,-0.253,-9.808,-0.010006,0.008086,0.006624
14.092527866363525,-99.319,-1.251,3.46,0.0205,0.2639,0.4141,-0.171,-0.619,-9.671,-0.022097,0.016677,0.000952
14.295512914657593,-99.354,-1.282,3.431,0.0215,0.2602,0.4168,-0.351,-0.729,-9.638,0.010913,-0.010008,-0.035228
14.437781810760498,-99.407,-1.189,3.16,0.0194,0.2591,0.4207,0.106,0.048,-10.055,-0.008795,0.009929,-0.106571
14.577739000320435,-99.451,-1.143,3.301,0.0226,0.259,0.4156,-0.233,-0.716,-9.652,0.011415,-0.003285,-0.009398
14.712076902389526,-99.478,-1.156,3.272,0.0173,0.2603,0.4206,-0.212,-0.612,-9.704,0.002351,-2.5e-05,-0.004244
14.852985858917236,-99.821,-0.762,3.105,0.0161,0.2555,0.418,0.383,-1.068,-9.873,-0.015733,0.138671,-0.147212
14.991106986999512,-100.114,-0.094,1.849,0.0108,0.2544,0.419,0.092,0.468,-9.763,-0.178764,0.012963,0.033162
15.178059816360474,-100.024,-0.773,1.786,0.0149,0.2471,0.4194,-0.142,-0.37,-9.659,0.064084,-0.009052,-0.009737
15.321149826049805,-99.964,-0.541,2.023,0.0117,0.2484,0.4218,-0.007,-0.322,-9.72,0.014838,0.027276,-0.012144
15.507845878601074,-99.938,-0.228,2.426,0.0129,0.252,0.4218,-0.16,-0.121,-10.283,0.194271,0.012136,-0.029687
15.612327814102173,-100.146,-0.055,4.0,0.0108,0.2592,0.415,0.175,-0.603,-9.844,0.34789,0.024981,-0.000121
15.800963878631592,-99.936,0.073,9.385,0.0103,0.3059,0.3905,-0.135,-1.611,-9.402,0.401767,0.028582,0.065262
15.943384885787964,-99.439,0.171,12.281,0.0104,0.3227,0.377,-0.123,-2.033,-9.521,0.411988,0.022812,0.057313
16.078637838363647,-99.053,0.142,16.4,0.0128,0.3502,0.3569,0.058,-2.799,-9.222,0.495312,-0.012446,0.055031
16.188249826431274,-98.908,0.117,19.159,0.016,0.3681,0.337,0.03,-3.186,-9.297,0.45762,-0.014692,0.04296
16.326778888702393,-98.806,0.074,23.526,0.0163,0.3967,0.3139,0.156,-3.728,-9.123,0.547865,0.025664,-0.035403
16.438435792922974,-98.822,0.012,26.616,0.0161,0.4038,0.294,-0.18,-4.362,-8.543,0.480725,-0.002351,-0.010765
16.540186882019043,-98.985,0.143,29.22,0.0183,0.4193,0.2741,-0.069,-4.734,-8.524,0.45622,0.007771,-0.064672
16.6773419380188,-99.36,0.273,33.563,0.0149,0.436,0.2447,0.083,-5.393,-7.967,0.383308,-0.034325,0.010922
16.818376779556274,-99.277,-0.041,36.858,0.0159,0.4514,0.2182,-0.246,-5.871,-7.571,0.421749,-0.022277,0.042298
16.957214832305908,-99.117,-0.336,40.035,0.019,0.4632,0.1945,-0.186,-6.384,-7.429,0.417947,-0.010009,0.01028
17.06148099899292,-99.263,-0.212,42.748,0.0167,0.4705,0.1701,-0.113,-6.603,-7.099,0.51199,-0.00728,-0.050069
17.203744888305664,-99.511,-0.057,47.307,0.0175,0.481,0.1358,-0.0,-7.173,-6.522,0.534456,-0.019364,0.000852
17.308055877685547,-99.513,-0.235,50.343,0.0193,0.4857,0.1108,-0.09,-7.595,-6.062,0.494747,-0.012929,0.026162
17.444158792495728,-99.535,-0.229,53.427,0.0222,0.4915,0.0832,0.029,-7.878,-5.854,0.415281,0.001749,-0.011834
17.552666902542114,-99.539,-0.266,56.486,0.0207,0.4877,0.0595,-0.071,-8.188,-5.292,0.412467,-0.003407,0.007684
17.688111782073975,-99.501,-0.44,59.231,0.0204,0.4887,0.0344,-0.194,-8.298,-4.982,0.40459,-0.016473,0.038349
17.794047832489014,-99.598,-0.39,61.661,0.0212,0.4893,0.0124,-0.343,-8.374,-4.781,0.446676,-0.019737,-0.082076
17.929919004440308,-99.82,-0.151,65.727,0.0207,0.4867,-0.018,0.008,-8.977,-3.942,0.473653,-0.006187,-0.009885
18.037800788879395,-99.773,-0.299,68.263,0.0204,0.4865,-0.0391,0.037,-9.119,-3.543,0.417129,-0.0083,0.045802
18.175187826156616,-99.615,-0.908,71.871,0.0252,0.4779,-0.0664,-0.171,-9.243,-3.058,0.442937,-0.012414,0.094099
18.365935802459717,-99.726,-0.927,75.957,0.0276,0.4619,-0.1016,-0.18,-9.613,-2.182,0.307531,-0.029353,-0.063156
18.469483852386475,-99.876,-0.744,77.094,0.0251,0.4582,-0.1149,-0.051,-9.613,-2.0,0.118192,-0.008032,-0.011854
18.607533931732178,-99.776,-0.884,78.219,0.025,0.4569,-0.1241,-0.227,-9.528,-1.952,0.173305,0.00421,0.033103
18.743384838104248,-99.697,-1.018,79.421,0.028,0.4556,-0.1332,-0.251,-9.65,-1.634,0.122382,-0.000636,-0.000497
18.930745840072632,-99.572,-1.084,79.908,0.028,0.452,-0.1292,-0.106,-9.683,-1.648,0.025778,0.006531,0.011678
19.073977947235107,-99.463,-1.175,80.089,0.03,0.4495,-0.1396,-0.109,-9.678,-1.598,0.002962,-0.001724,0.005078
19.271676778793335,-99.409,-1.169,80.112,0.029,0.4544,-0.1371,-0.215,-9.634,-1.613,-0.002921,-0.000995,-0.00165
19.46238684654236,-99.341,-1.178,80.097,0.0269,0.4532,-0.1358,-0.163,-9.644,-1.6,-0.004833,-0.002735,-0.001307
19.654141902923584,-99.262,-1.184,80.067,0.0291,0.4556,-0.1358,-0.21,-9.646,-1.634,-0.005434,0.003004,0.004138
19.79634380340576,-99.201,-1.194,80.074,0.0302,0.4532,-0.1317,-0.216,-9.617,-1.599,-0.002891,0.000235,0.002015
19.9890878200531,-99.11,-1.211,80.091,0.0301,0.4532,-0.1344,-0.142,-9.664,-1.651,-0.004806,-0.003299,0.003236
20.091099977493286,-99.077,-1.216,80.067,0.0281,0.4556,-0.1319,-0.173,-9.651,-1.61,-0.006924,0.000381,0.002904
20.197606801986694,-99.059,-1.218,79.986,0.029,0.4496,-0.1317,-0.124,-9.77,-1.489,-0.045181,-0.001842,0.005717
20.33173179626465,-98.951,-1.283,79.165,0.0303,0.4568,-0.1265,-0.216,-9.734,-1.521,-0.182528,0.002669,0.017067
20.472648859024048,-98.612,-1.49,77.379,0.0306,0.4654,-0.1161,-0.249,-9.624,-1.958,-0.27214,0.041098,0.033206
20.658228874206543,-98.136,-1.851,74.403,0.0335,0.4764,-0.0831,-0.334,-9.315,-2.873,-0.189563,0.01829,0.025762
20.84974479675293,-98.205,-1.359,72.957,0.0285,0.4826,-0.069,-0.237,-9.411,-2.736,-0.103463,0.004528,-0.060816
20.99776577949524,-98.53,-0.72,70.561,0.0243,0.478,-0.0533,0.068,-9.49,-2.906,-0.549595,-0.028384,-0.123129
21.18999695777893,-98.261,-1.409,63.767,0.0275,0.4904,0.0008,-0.318,-8.682,-4.234,-0.552301,0.001712,-0.003815
21.37962293624878,-98.423,-1.136,57.578,0.0262,0.4932,0.0548,-0.193,-8.185,-5.234,-0.545711,0.008348,-0.000959
21.56724977493286,-98.517,-0.792,52.007,0.0182,0.4888,0.1007,0.083,-8.013,-5.725,-0.659098,0.012368,-0.036127
21.67355489730835,-98.765,0.29,46.458,0.0133,0.4771,0.1455,-0.143,-6.943,-6.447,-0.884222,0.139562,-0.192299
21.81168794631958,-98.859,1.266,40.985,0.0041,0.4642,0.1901,0.116,-6.222,-7.418,-0.716973,0.045204,0.012483
21.99734377861023,-99.235,2.008,34.07,-0.0042,0.4367,0.2412,0.344,-5.465,-7.881,-0.75285,0.030356,-0.097256
22.140328884124756,-99.067,1.896,26.526,-0.0041,0.4009,0.2959,-0.344,-4.309,-8.47,-0.91635,-0.021134,0.091984
22.32892894744873,-98.664,2.599,12.46,-0.0097,0.3205,0.3784,0.467,-1.646,-8.862,-1.79188,0.125294,0.087391
22.465954780578613,-98.303,3.956,2.722,-0.0159,0.2485,0.4175,1.741,-0.379,-9.957,-0.568849,0.16736,-0.119703
22.656720876693726,-100.244,4.595,-7.573,-0.0287,0.1789,0.4392,0.914,1.309,-9.694,-1.06747,0.069928,-0.214403
22.760963916778564,-100.897,4.671,-13.454,-0.0315,0.1332,0.4583,1.045,2.261,-9.49,-1.009251,0.021167,-0.022953
22.867616891860962,-101.143,4.739,-20.108,-0.0327,0.0705,0.4609,0.631,3.291,-8.825,-1.339368,0.020347,0.020561
23.007781982421875,-100.778,5.25,-30.103,-0.0343,-0.0079,0.4569,0.825,5.282,-8.37,-0.777998,-0.064966,0.051477
23.113312005996704,-100.679,4.968,-34.729,-0.0321,-0.0502,0.4446,0.88,5.658,-7.94,-0.896094,-0.035007,-0.045218
23.251901865005493,-100.831,4.434,-41.946,-0.0314,-0.1057,0.4301,0.459,6.911,-7.073,-0.8123,-0.03744,-0.131581
23.44056797027588,-103.124,3.458,-48.133,-0.0283,-0.1494,0.4072,0.965,7.247,-6.516,-0.352343,0.091797,-0.237095
23.578739881515503,-103.618,2.558,-51.155,-0.0192,-0.1689,0.3948,0.467,7.359,-5.761,-0.41714,-0.153628,-0.052138
23.688185930252075,-102.971,1.544,-54.328,-0.0103,-0.1957,0.3785,0.074,8.05,-5.472,-0.572965,-0.142092,-0.143488
23.828802824020386,-103.15,0.497,-58.682,-0.0058,-0.2226,0.3554,0.259,8.52,-5.062,-0.360239,0.003073,-0.080186
23.98139977455139,-103.235,0.119,-61.129,-0.0019,-0.2324,0.3493,0.13,8.599,-4.583,-0.266692,-0.030788,-0.003067
24.123186826705933,-102.982,0.154,-63.675,-0.0024,-0.2459,0.3296,0.003,8.869,-4.195,-0.307385,-0.041657,0.002225
24.23067593574524,-102.62,0.006,-65.236,-0.0005,-0.2508,0.3218,0.037,9.027,-4.019,-0.217497,-0.078313,-0.006249
24.379002809524536,-102.371,-0.373,-66.166,0.0036,-0.2618,0.3222,-0.054,8.967,-3.861,-0.033573,-0.008082,-0.016804
24.525897979736328,-102.365,-0.497,-66.296,0.0036,-0.2594,0.3156,-0.095,9.003,-3.792,-0.000799,-0.006439,-0.007745
24.66596794128418,-102.355,-0.515,-66.262,0.0036,-0.2558,0.3142,-0.078,9.017,-3.841,0.004297,-0.001701,-0.003239
24.799622774124146,-102.32,-0.539,-66.253,0.0068,-0.2618,0.3184,-0.069,9.008,-3.844,-0.000303,-0.003068,0.001433
24.938639879226685,-102.333,-0.543,-66.249,0.0036,-0.2582,0.3182,-0.084,9.016,-3.83,0.000298,-0.002996,-0.004213
25.130668878555298,-102.319,-0.536,-66.256,0.0068,-0.2618,0.3171,-0.06,8.99,-3.83,0.004196,-0.003994,0.001161
25.27400279045105,-102.311,-0.527,-66.264,0.0046,-0.2618,0.3183,-0.127,9.031,-3.845,-0.001333,0.001376,0.002367
25.41841197013855,-102.31,-0.532,-66.255,0.0037,-0.2569,0.3195,-0.083,9.009,-3.843,0.002341,-0.008073,-0.008885
25.60751485824585,-102.323,-0.532,-66.237,0.0048,-0.2569,0.3196,0.007,8.968,-3.83,0.006012,0.002852,0.00098
25.750539779663086,-102.323,-0.492,-66.213,0.0048,-0.2593,0.3223,-0.022,8.979,-3.918,0.007405,0.003483,0.004581
25.889045000076294,-102.326,-0.472,-66.216,0.0046,-0.263,0.3157,0.021,8.988,-3.86,0.002994,0.002687,0.000497
25.998934984207153,-102.316,-0.467,-66.197,0.0036,-0.2593,0.3196,-0.008,8.985,-3.85,0.004983,-0.004945,-0.002844
26.138827800750732,-102.296,-0.49,-66.14,0.0047,-0.2606,0.321,-0.04,8.983,-3.948,0.027924,-0.00763,-0.005701
26.27910089492798,-102.563,-0.987,-63.966,0.0084,-0.246,0.3341,-0.197,8.996,-4.383,0.519885,0.07739,-0.072905
26.472490787506104,-103.597,-0.511,-56.731,0.0043,-0.2081,0.3717,-0.093,8.38,-5.34,0.601398,-0.001689,-0.034851
26.659587860107422,-103.687,-0.733,-50.694,0.0013,-0.1654,0.4026,-0.041,7.668,-6.021,0.596843,0.021732,0.039365
26.846051931381226,-103.252,-0.262,-45.038,-0.0029,-0.1228,0.4242,-0.071,7.002,-6.887,0.527389,0.005363,0.078971
26.95020294189453,-102.771,0.022,-41.256,-0.0033,-0.0997,0.4383,0.003,6.499,-7.259,0.542885,-0.033318,0.065036
27.091359853744507,-102.338,0.25,-37.17,-0.0036,-0.0691,0.4538,0.137,5.972,-7.645,0.578224,-0.035289,0.085129
27.27813196182251,-101.35,0.441,-29.705,-0.0023,-0.0072,0.4621,-0.053,4.986,-8.391,0.781499,-0.075436,0.05649
27.41307783126831,-101.062,0.315,-24.372,-0.0003,0.0378,0.4694,0.119,4.254,-8.891,0.749701,-0.026716,-0.006577
27.600631952285767,-100.557,-0.367,-15.653,0.0066,0.1154,0.466,-0.054,2.735,-9.383,0.715171,-0.154963,0.102268
27.7484347820282,-99.583,-1.605,-8.736,0.0172,0.1662,0.4577,-0.375,1.617,-9.492,0.899321,-0.125956,0.024421
27.941824913024902,-99.232,-1.813,-1.864,0.0203,0.2256,0.4422,-0.273,-0.036,-9.368,0.313265,0.068007,0.040701
28.13112187385559,-99.265,-1.398,-1.347,0.0148,0.2268,0.434,-0.396,0.421,-9.77,0.044161,0.056896,-0.012411
28.31808090209961,-98.995,-0.808,0.451,0.015,0.2438,0.427,-0.146,-0.254,-9.527,0.057904,-0.037367,0.052909
28.45682382583618,-99.055,-0.917,0.357,0.0171,0.2401,0.4272,-0.148,-0.035,-9.762,-0.015672,0.007558,0.01113
28.64216685295105,-99.09,-0.901,0.381,0.0171,0.2389,0.4339,-0.212,-0.044,-9.705,-0.009807,-0.001813,0.002493
28.783435821533203,-99.027,-1.012,0.421,0.0139,0.2414,0.4284,-0.294,-0.079,-9.635,0.013869,-0.019418,0.008524
28.91855788230896,-99.083,-0.993,0.258,0.0183,0.2425,0.4312,0.045,0.117,-9.893,-0.020346,-0.019577,-0.013764
29.021897792816162,-99.221,-1.072,0.173,0.0139,0.2401,0.4297,-0.09,0.042,-9.789,-0.022344,0.050563,0.041037
29.205870866775513,-99.18,-1.025,0.099,0.016,0.2377,0.4312,-0.138,-0.01,-9.735,-0.020163,-0.005693,0.008639
29.343350887298584,-99.167,-1.079,0.019,0.015,0.2365,0.4351,-0.146,-0.062,-9.718,-0.006272,-0.008765,-0.002646
29.48031783103943,-99.152,-1.131,-0.018,0.0151,0.2414,0.4351,-0.211,0.149,-9.665,-0.001626,0.000725,-0.007211
29.6679208278656,-99.036,-1.247,-0.119,0.0181,0.2377,0.4286,-0.264,0.002,-9.669,-0.002479,-0.023794,0.001231
29.85991597175598,-98.467,-2.719,-0.674,0.0288,0.2327,0.4306,-2.442,1.81,-10.908,-0.104819,-0.390571,-0.234382
29.96316385269165,-100.911,-4.974,-0.116,0.0387,0.2387,0.431,-1.056,-0.059,-9.715,0.2312,-0.398369,-0.557902
30.096146821975708,-102.992,-6.214,0.106,0.0386,0.2395,0.4238,-0.904,-0.354,-9.433,-0.24061,-0.045187,0.115858
30.23320198059082,-102.583,-6.68,-1.813,0.0451,0.2262,0.4403,-1.244,0.467,-9.761,-0.138769,-0.103065,-0.051258
30.379440784454346,-103.551,-7.835,-2.568,0.0502,0.2189,0.4367,-1.125,0.492,-9.703,-0.080624,-0.163415,-0.213339
30.565661907196045,-104.842,-8.674,-2.234,0.0502,0.2188,0.4341,-1.426,0.255,-9.574,-0.048204,-0.045305,-0.17475
30.70596694946289,-104.944,-9.83,-3.351,0.0566,0.2127,0.4385,-1.445,0.43,-9.667,-0.079103,-0.092352,0.111402
30.843350887298584,-103.632,-9.78,-3.98,0.0621,0.2151,0.4387,-1.831,0.902,-9.53,-0.042253,0.042813,0.196879
30.977458000183105,-102.648,-10.018,-4.0,0.0674,0.2066,0.4444,-1.925,0.876,-9.538,0.030592,-0.094757,-0.073164
31.122772932052612,-104.249,-10.439,-3.615,0.0663,0.2102,0.4403,-0.714,0.361,-10.037,0.001801,0.151621,-0.189806
31.260812997817993,-103.826,-10.468,-3.446,0.0685,0.2126,0.4391,-1.576,-0.095,-9.501,0.070311,-0.031645,-0.012806
31.447122812271118,-103.604,-10.481,-3.455,0.0696,0.215,0.4417,-1.833,0.678,-9.542,0.006226,-0.040413,0.001082
31.58836793899536,-103.326,-10.901,-3.471,0.0717,0.2126,0.4406,-3.35,1.295,-9.034,-0.001627,-0.126327,0.147805
31.73044490814209,-104.215,-11.347,-3.294,0.0707,0.2186,0.4378,-1.547,0.191,-9.763,-0.064108,-0.002304,-0.110902
31.832542896270752,-104.425,-11.646,-3.397,0.0719,0.2198,0.4391,-1.618,0.291,-9.734,-0.009187,-0.024973,-0.097675
31.974668979644775,-103.932,-11.803,-3.176,0.0772,0.2161,0.4395,-2.154,0.2,-9.359,0.027014,-0.011579,0.008352
32.1631019115448,-103.953,-12.03,-3.056,0.0782,0.2161,0.4369,-1.947,0.722,-9.627,0.080095,-0.048187,-0.04457
32.3561589717865,-104.44,-13.586,-2.498,0.0858,0.2196,0.4345,-4.034,1.215,-8.857,0.15943,-0.522026,-0.182106
32.49360799789429,-105.738,-17.754,-1.35,0.1096,0.2327,0.4249,-2.676,0.134,-9.195,0.067843,-0.623759,-0.03723
32.59530186653137,-105.455,-21.635,-1.214,0.1375,0.2311,0.4171,-3.681,0.172,-9.042,0.038256,-0.67655,0.037765
32.73034977912903,-105.493,-28.029,-0.355,0.1774,0.2433,0.4035,-4.764,0.166,-8.486,0.1238,-0.797182,0.014762
32.914891958236694,-105.382,-35.253,0.685,0.2233,0.2486,0.3701,-5.485,-0.254,-7.944,0.090991,-0.610649,0.014654
33.05072093009949,-104.988,-40.112,1.296,0.2521,0.2541,0.3503,-6.245,-0.031,-7.491,0.096793,-0.500146,0.084445
33.1565887928009,-104.957,-43.365,1.863,0.2725,0.2611,0.3379,-6.716,-0.275,-6.99,0.119661,-0.606639,0.026626
33.29397892951965,-105.18,-46.922,2.734,0.287,0.2623,0.3179,-7.145,-0.377,-6.565,0.087913,-0.425603,0.014174
33.42926383018494,-105.6,-50.851,3.506,0.3082,0.2631,0.2991,-7.598,-0.425,-6.048,0.04642,-0.437369,-0.003379
33.52952599525452,-105.505,-53.111,3.73,0.3166,0.2641,0.285,-7.901,-0.381,-5.737,0.057333,-0.366054,0.07078
33.675490856170654,-105.127,-55.972,3.784,0.3302,0.2614,0.2673,-8.199,-0.297,-5.309,0.053118,-0.249761,0.011248
33.808390855789185,-105.025,-58.0,4.116,0.3375,0.2613,0.2531,-8.292,-0.471,-4.999,0.031976,-0.193601,0.006047
33.90984487533569,-105.464,-59.69,4.327,0.3449,0.2635,0.2469,-8.19,-0.389,-5.042,-0.06546,-0.489576,-0.017422
34.09872388839722,-106.405,-62.289,4.816,0.3523,0.2658,0.2301,-8.602,-0.32,-4.72,0.045029,-0.003045,-0.03148
34.29065799713135,-106.628,-62.082,5.061,0.3511,0.2598,0.2354,-8.893,-0.693,-4.648,-0.028028,0.049911,0.008418
34.48248887062073,-106.448,-61.77,4.927,0.3502,0.2622,0.2379,-8.48,-0.579,-4.765,-0.003959,0.006076,-5.9e-05
34.628028869628906,-106.255,-61.857,4.941,0.3533,0.261,0.2368,-8.528,-0.233,-4.659,0.074915,0.007131,0.04048
34.72848200798035,-106.127,-61.961,5.028,0.3534,0.2634,0.2368,-8.198,-0.64,-4.982,0.040151,0.013184,0.020337
34.8622829914093,-106.336,-62.424,5.386,0.3545,0.273,0.2274,-8.77,-0.31,-4.372,0.042273,-0.069149,-0.049419
34.997275829315186,-106.425,-63.396,5.257,0.3543,0.2621,0.2276,-9.092,-0.441,-4.043,-0.03989,-0.062127,0.020903
35.138972997665405,-105.585,-63.726,4.427,0.3596,0.2656,0.2199,-7.222,-0.744,-4.397,0.018542,-0.247546,0.144817
35.33129382133484,-105.445,-65.553,4.0,0.3652,0.2558,0.2142,-8.989,-0.163,-3.995,-0.00902,0.016636,-0.004572
35.52962684631348,-105.548,-64.657,4.33,0.3622,0.2607,0.2179,-8.828,-0.45,-4.073,0.023112,0.069107,-0.003294
35.71423888206482,-105.601,-64.222,4.559,0.3621,0.2583,0.2179,-8.828,-0.376,-4.187,-0.014031,0.006981,-0.011569
35.85031700134277,-105.763,-64.061,4.631,0.3612,0.262,0.2244,-8.786,-0.417,-4.13,-0.010789,0.047656,-0.015778
35.95476579666138,-106.145,-63.418,4.914,0.359,0.2584,0.2217,-8.888,-0.212,-4.334,-0.001384,0.198495,-0.067401
36.088841915130615,-106.278,-60.43,5.458,0.3476,0.267,0.2381,-8.177,-0.647,-4.7,0.114695,0.602862,-0.025706
36.22556400299072,-106.042,-55.024,6.179,0.3225,0.2735,0.2657,-8.178,-0.658,-5.438,0.119004,0.711171,-0.071298
36.322916984558105,-105.991,-51.553,6.642,0.3111,0.2846,0.2781,-7.834,-0.781,-5.673,0.111267,0.93572,-0.096111
36.45789384841919,-104.502,-42.376,6.47,0.2662,0.2795,0.3171,-6.238,-1.0,-6.99,0.085572,1.171597,0.040162
36.59389090538025,-102.921,-33.987,5.884,0.2219,0.2814,0.3437,-5.708,-0.803,-7.761,0.049852,1.308189,0.032663
36.73088097572327,-100.72,-23.52,5.549,0.1645,0.2783,0.3809,-3.669,-0.937,-8.751,0.073028,1.052498,0.161113
36.91854786872864,-98.943,-13.959,5.652,0.1103,0.2754,0.3939,-2.337,-0.932,-9.319,0.135737,1.025283,-0.029465
37.0563268661499,-98.32,-5.482,7.145,0.0551,0.2866,0.3984,-0.815,-1.292,-9.528,0.17795,0.916973,-0.055564
37.19102478027344,-97.815,1.273,8.347,0.0073,0.2931,0.3906,0.28,-1.521,-9.61,0.169455,1.006999,-0.038779
37.29167199134827,-97.194,6.793,9.158,-0.0267,0.2995,0.3874,1.077,-1.479,-9.418,0.10728,0.938399,-0.055347
37.479076862335205,-96.413,15.869,9.792,-0.0866,0.2942,0.3675,2.593,-1.674,-9.02,-0.003959,0.788386,-0.11087
37.714725971221924,-95.862,27.257,9.859,-0.1521,0.2804,0.3461,4.843,-1.6,-8.585,0.004719,0.736806,-0.013163
37.909074783325195,-94.971,32.533,9.552,-0.1843,0.2806,0.33,5.109,-1.399,-8.017,-0.05305,0.447796,-0.018324
38.0997519493103,-93.924,38.13,9.926,-0.2118,0.2669,0.3071,6.229,-1.516,-7.407,0.065052,0.58311,0.040913
38.29056692123413,-91.91,44.037,11.606,-0.2376,0.2718,0.2847,6.803,-1.381,-6.388,-0.051546,0.552295,-0.03642
38.47887587547302,-90.89,50.133,12.042,-0.2659,0.2671,0.2531,7.894,-0.439,-6.418,-0.01632,0.535298,-0.106008
38.582435846328735,-90.729,52.815,12.554,-0.2769,0.26,0.237,7.925,-1.319,-5.81,0.098809,0.435257,-0.071825
38.7679979801178,-89.676,56.5,14.156,-0.2925,0.2632,0.2183,8.318,-1.345,-5.217,-0.001438,0.34952,-0.028327
38.96021389961243,-89.089,58.936,14.481,-0.2993,0.2548,0.2063,8.457,-1.309,-4.9,-0.021839,0.172577,-0.015175
39.14953398704529,-88.56,61.09,14.431,-0.3059,0.2536,0.1928,8.45,-1.143,-4.313,-0.004513,0.150776,-0.018589
39.293447971343994,-87.735,62.237,15.09,-0.3083,0.2463,0.1863,8.557,-1.198,-4.413,0.004364,0.201971,0.002946
39.43106389045715,-86.075,63.912,16.746,-0.3116,0.2475,0.1769,8.809,-1.235,-4.111,0.014879,0.166791,0.022462
39.572250843048096,-85.566,64.348,17.276,-0.3148,0.2547,0.1713,8.874,-1.335,-3.983,0.000608,-0.015955,-0.000549
39.706976890563965,-85.493,64.27,17.327,-0.3139,0.2487,0.1689,8.822,-1.305,-4.013,0.003013,-0.009344,0.006862
39.84920787811279,-85.63,64.114,17.214,-0.3116,0.2487,0.1769,8.881,-1.29,-4.038,0.001067,-0.035819,-0.004366
39.989760875701904,-85.685,64.008,17.169,-0.3137,0.2499,0.1767,8.864,-1.316,-4.048,-0.001372,-0.008546,0.003789
40.12783694267273,-85.772,63.855,17.083,-0.3115,0.2547,0.1755,8.852,-1.304,-4.044,0.002446,-0.046877,-0.004772
40.26360583305359,-85.872,63.704,16.986,-0.3116,0.2523,0.1729,8.825,-1.311,-4.113,-0.006682,-0.007654,-0.0044
40.40778684616089,-86.019,63.389,16.812,-0.3104,0.2523,0.1782,9.068,-1.312,-3.886,0.002099,-0.100085,-0.013643
40.593634843826294,-88.093,59.889,14.926,-0.3005,0.2559,0.1983,8.407,-1.102,-5.345,0.006567,-0.799299,-0.024414
40.734474897384644,-91.759,52.939,12.491,-0.2784,0.2608,0.2388,7.934,-1.31,-5.661,0.11044,-0.888603,-0.029524
40.872283935546875,-94.067,45.778,10.735,-0.2521,0.2644,0.2769,7.312,-1.305,-6.844,-0.033744,-1.129471,-0.010839
41.011168003082275,-96.59,35.633,8.75,-0.2065,0.2749,0.3159,5.763,-1.292,-7.571,-0.068987,-1.157448,-0.019343
41.146957874298096,-98.007,27.699,7.456,-0.1603,0.2679,0.3517,4.606,-1.186,-8.363,-0.081619,-1.08561,-0.000106
41.28802490234375,-99.401,18.71,6.282,-0.1117,0.2723,0.3751,3.096,-1.078,-9.086,-0.062311,-0.956665,-0.030402
41.423675775527954,-99.845,10.911,5.618,-0.06,0.2721,0.3937,1.82,-0.931,-9.453,-0.067527,-0.922794,0.091304
41.52423691749573,-99.558,5.328,5.204,-0.0247,0.2717,0.3981,0.907,-1.044,-9.506,-0.122117,-0.924264,0.176464
41.65812587738037,-99.018,-0.879,4.502,0.0226,0.2737,0.4097,-0.148,-0.803,-9.639,-0.074843,-0.804377,0.086829
41.76045799255371,-98.885,-5.491,4.025,0.0579,0.2685,0.4116,-0.778,-0.846,-9.645,-0.106058,-0.799715,0.083328
41.898430824279785,-99.068,-12.279,3.414,0.0994,0.2701,0.408,-1.914,-0.649,-9.517,-0.046378,-0.810806,-0.01439
42.03788685798645,-99.561,-18.398,3.214,0.1376,0.2659,0.3956,-3.151,-0.526,-9.178,-0.024714,-0.860921,-0.041399
42.180670976638794,-100.285,-26.323,3.148,0.1872,0.2635,0.3791,-4.44,-0.407,-8.643,-0.059766,-0.850036,-0.068838
42.32238292694092,-101.467,-32.214,3.532,0.219,0.2678,0.3609,-5.243,-0.543,-8.144,0.002093,-0.825162,-0.093933
42.45532989501953,-102.53,-38.662,4.074,0.2529,0.2709,0.3377,-6.058,-0.619,-7.567,0.010675,-0.724974,-0.017446
42.591028928756714,-102.693,-43.425,4.285,0.2773,0.2765,0.3178,-6.643,-0.504,-7.032,0.030864,-0.658647,0.090934
42.74866199493408,-102.171,-49.628,4.153,0.3101,0.2676,0.2859,-7.478,-0.49,-6.187,-0.002958,-0.500406,-0.003172
42.85509395599365,-102.516,-52.532,4.109,0.3206,0.2674,0.272,-7.605,-0.446,-5.84,-0.097047,-0.538329,-0.023354
43.03943586349487,-103.724,-56.891,4.111,0.3351,0.2623,0.2572,-8.478,-0.262,-5.139,-0.053108,-0.210162,-0.087319
43.22515797615051,-104.511,-60.392,4.311,0.3487,0.2632,0.2382,-8.759,-0.232,-4.699,-0.009671,-0.111945,-0.018944
43.33474087715149,-104.524,-60.58,4.358,0.3464,0.262,0.2316,-8.731,-0.339,-4.463,-0.020118,0.045358,-0.019667
43.47241997718811,-104.624,-60.422,4.442,0.3507,0.2608,0.2358,-8.512,-0.435,-4.764,0.005299,0.019768,-0.008809
43.66904282569885,-104.821,-60.237,4.585,0.3507,0.2584,0.2358,-8.546,-0.275,-4.774,-0.000726,0.008893,-0.012887
43.864489793777466,-105.096,-59.753,4.833,0.3465,0.2609,0.2408,-8.451,-0.491,-4.802,-0.001105,0.117596,-0.033296
43.972471952438354,-105.311,-58.878,5.025,0.3424,0.2645,0.2444,-8.765,-0.268,-4.791,0.017515,0.313129,-0.085626
44.10855197906494,-105.251,-54.108,5.796,0.3236,0.2673,0.2657,-7.846,-0.586,-5.515,0.150634,0.729511,0.013838
44.21419882774353,-104.531,-49.88,6.037,0.3059,0.2736,0.2817,-7.475,-0.677,-6.162,0.130831,0.700434,0.045513
44.35012698173523,-102.985,-43.531,6.037,0.2809,0.2765,0.3117,-6.769,-0.709,-6.932,0.135488,0.838883,0.029388
44.541778802871704,-101.562,-33.471,6.634,0.2262,0.2809,0.3429,-5.576,-0.769,-7.933,0.193994,1.128151,-0.093218
44.683793783187866,-100.88,-24.365,7.798,0.1721,0.2919,0.3616,-4.178,-1.022,-8.76,0.142249,0.966839,-0.037099
44.79032897949219,-100.139,-19.277,8.225,0.1427,0.296,0.3783,-2.97,-1.373,-9.089,0.083148,0.791723,0.026097
44.92924499511719,-98.837,-13.168,8.033,0.1045,0.2952,0.3816,-2.278,-1.296,-9.346,-0.008547,0.755639,0.038117
45.07138180732727,-98.107,-8.168,7.93,0.075,0.298,0.3905,-1.188,-1.278,-9.574,0.011018,0.579733,-0.039292
45.25873899459839,-97.634,-2.339,7.185,0.0376,0.2829,0.3965,-0.428,-0.992,-9.929,-0.013859,0.368496,-0.025881
45.40087294578552,-98.029,-1.47,7.682,0.0281,0.2866,0.392,-0.518,-1.149,-9.963,0.090328,2.4e-05,-0.07116
45.53887391090393,-98.41,-1.174,8.041,0.0261,0.2902,0.3971,-0.332,-1.251,-9.416,-0.000149,0.07608,-0.067529
45.679656982421875,-99.587,1.305,7.472,0.0068,0.2821,0.3975,0.628,-1.079,-9.961,-0.067412,-0.00813,-0.021609
45.81369495391846,-99.678,1.123,7.499,0.008,0.2881,0.3962,0.262,-1.291,-9.635,-0.000772,0.000768,0.031575
45.99839687347412,-99.629,0.953,7.55,0.0101,0.288,0.3963,0.085,-1.304,-9.616,-0.000966,-0.005438,-0.012366
46.19390797615051,-100.772,0.681,7.728,0.008,0.2869,0.3962,0.218,-1.226,-9.679,0.050218,-0.084217,-0.314726
46.33780384063721,-105.069,0.811,7.748,-0.008,0.2858,0.3915,0.428,-1.388,-9.594,-0.069281,0.000509,-0.578258
46.52850794792175,-111.783,1.314,6.781,-0.0337,0.2778,0.3929,0.292,-1.058,-9.704,-0.08542,-0.088396,-0.557427
46.71748995780945,-117.536,1.41,6.202,-0.0499,0.2734,0.3937,0.425,-1.094,-9.697,-0.006209,-0.033936,-0.544704
46.91143584251404,-124.037,2.198,5.458,-0.0735,0.2581,0.394,0.213,-0.78,-9.676,-0.039087,0.033344,-0.601203
47.09966993331909,-131.248,3.576,4.802,-0.1057,0.2453,0.3887,0.783,-0.839,-9.721,-0.067307,0.035269,-0.613734
47.20528697967529,-134.379,3.892,4.314,-0.1175,0.2382,0.3895,0.754,-0.707,-9.746,-0.030367,-0.023578,-0.516075
47.34664297103882,-137.65,3.989,4.15,-0.1269,0.2302,0.3831,0.822,-0.766,-9.676,-0.006179,-0.032953,-0.420024
47.53732180595398,-142.662,3.858,3.744,-0.1399,0.2184,0.3865,0.589,-0.571,-9.693,0.000794,-0.017901,-0.381566
47.638755798339844,-144.707,3.986,3.653,-0.1442,0.2172,0.3824,0.743,-0.581,-9.731,0.017174,0.01373,-0.338646
47.77468180656433,-148.085,4.456,3.676,-0.1561,0.209,0.382,0.75,-0.65,-9.657,0.050583,0.036442,-0.457365
47.881197929382324,-150.433,4.697,3.621,-0.1646,0.2102,0.3776,0.882,-0.71,-9.62,0.008749,0.000562,-0.33577
48.02568697929382,-153.023,5.02,3.226,-0.1725,0.1888,0.3775,0.955,-0.546,-9.733,-0.005194,0.001353,-0.252715
48.175657987594604,-154.042,5.071,3.075,-0.1757,0.19,0.376,0.844,-0.448,-9.675,0.004329,-0.00247,-0.018083
48.27657198905945,-154.073,5.062,3.091,-0.1755,0.1984,0.3772,0.832,-0.526,-9.682,0.013768,-0.002986,0.018536
48.40867280960083,-153.751,4.997,3.18,-0.1745,0.1936,0.3774,0.855,-0.51,-9.676,0.008226,-0.018692,0.077553
48.543396949768066,-152.454,4.466,3.328,-0.167,0.1971,0.3764,0.72,-0.583,-9.701,0.003161,-0.112869,0.281933
48.67946481704712,-149.449,3.399,3.706,-0.1551,0.2066,0.3834,0.675,-0.762,-9.626,0.016696,-0.053745,0.475945
48.78686594963074,-146.102,3.128,3.977,-0.1443,0.216,0.3798,0.751,-0.702,-9.77,0.048215,0.013804,0.702651
48.89569687843323,-141.372,2.897,4.671,-0.1312,0.2303,0.3855,0.755,-0.841,-9.701,0.108221,-0.013078,0.93323
49.000420808792114,-134.191,2.479,5.595,-0.1042,0.2455,0.3905,0.635,-1.051,-9.542,-0.000834,0.058441,1.045044
49.14076781272888,-126.506,2.617,5.033,-0.0849,0.2513,0.394,0.5,-0.709,-9.818,-0.155346,0.175528,1.102167
49.24235486984253,-120.103,2.938,5.0,-0.0656,0.2619,0.3935,0.772,-0.69,-9.88,0.047611,0.092991,1.094433
49.38218283653259,-110.854,2.468,5.696,-0.0367,0.2713,0.4002,0.46,-0.807,-9.698,-0.006021,0.056475,1.05988
49.57099199295044,-100.36,1.676,6.563,0.004,0.2852,0.3994,0.401,-1.049,-9.739,0.064365,-0.020343,1.031976
49.706748962402344,-90.782,0.871,6.605,0.037,0.2824,0.4049,0.43,-0.99,-9.854,-0.006844,0.069132,1.120044
49.84093379974365,-83.85,0.005,7.543,0.0624,0.2821,0.3984,0.033,-0.888,-9.042,0.15896,-0.011667,0.801163
49.941279888153076,-79.095,-0.022,7.387,0.0783,0.276,0.4032,0.042,-1.273,-9.637,-0.130355,0.160177,0.819523
50.12836790084839,-66.741,-0.128,4.769,0.1096,0.2374,0.4131,0.646,-0.88,-10.186,-0.262013,0.150769,1.201671
50.268672943115234,-58.708,0.913,3.529,0.1252,0.2133,0.4222,0.139,0.044,-10.471,0.019709,0.216314,0.864551
50.40675187110901,-53.243,-1.136,5.668,0.1515,0.2251,0.4155,-0.605,-1.102,-9.285,0.045062,-0.121867,0.716914
50.516403913497925,-49.106,-1.063,5.023,0.1597,0.2118,0.4148,0.146,-0.698,-9.315,-0.103141,0.131866,0.640753
50.702969789505005,-40.653,-1.167,5.436,0.1795,0.1912,0.4122,-0.083,-1.365,-10.146,0.161842,0.035254,0.838819
50.89219379425049,-34.602,-1.647,6.299,0.1941,0.179,0.4065,-0.63,-0.736,-9.596,0.058593,-0.073372,0.164863
50.999032974243164,-34.694,-1.921,6.436,0.1953,0.1838,0.4117,-0.246,-1.081,-9.697,0.013348,-0.018086,-0.049778
51.13880181312561,-35.32,-2.268,6.6,0.1974,0.1897,0.4038,-0.496,-0.995,-9.639,0.035288,-0.078073,-0.120638
51.326509952545166,-38.253,-3.275,6.724,0.2019,0.2016,0.4026,-0.777,-0.998,-9.653,0.022714,-0.146153,-0.415516
51.46204996109009,-42.655,-3.854,6.691,0.1945,0.2029,0.4035,-0.939,-1.043,-9.43,-0.160072,-0.158341,-0.877873
51.64580178260803,-52.947,-3.053,5.063,0.1672,0.2128,0.4098,-0.117,-0.863,-9.789,-0.103806,0.017283,-1.004467
51.78817677497864,-60.441,-2.127,4.869,0.1461,0.2309,0.4094,-0.312,-0.586,-9.891,0.023638,0.003442,-0.93809
51.980135917663574,-72.179,-1.463,5.794,0.1083,0.254,0.4083,-0.551,-0.779,-9.652,0.021828,-0.019178,-1.115072
52.17297983169556,-81.694,-1.376,6.329,0.0807,0.2661,0.3987,-0.263,-0.949,-9.674,0.05181,-0.075931,-0.990663
52.275662899017334,-88.782,-1.217,6.517,0.0587,0.2772,0.4026,-0.273,-1.097,-9.565,-0.041658,-0.083743,-0.929737
52.408798933029175,-95.495,-0.942,6.332,0.0355,0.2834,0.4026,-0.105,-1.021,-9.727,-0.014123,-0.07258,-0.927683
52.51307487487793,-100.163,-0.97,6.113,0.0228,0.2835,0.4005,-0.12,-1.047,-9.597,-0.102455,-0.089256,-0.747768
52.6503689289093,-103.152,-1.369,4.68,0.0141,0.2681,0.4081,-0.368,-0.307,-9.765,-0.161783,-0.042364,-0.04834
52.75528597831726,-103.084,-1.329,4.789,0.0151,0.2681,0.4069,-0.363,-1.02,-9.598,0.041928,0.02282,0.014444
52.891480922698975,-103.034,-1.365,4.779,0.0172,0.2669,0.407,0.555,-0.994,-9.754,0.011351,-0.003784,0.081605
53.024977922439575,-102.905,-1.336,4.834,0.0173,0.2692,0.4069,-0.295,-0.776,-9.655,0.010621,0.003741,0.012394
53.20937180519104,-102.774,-1.249,4.883,0.0184,0.2704,0.407,-0.215,-0.898,-9.608,0.006219,0.00831,0.004308
53.34478187561035,-102.688,-1.194,4.875,0.0171,0.2656,0.4005,-0.127,-0.847,-9.675,0.002305,0.006681,0.012192
53.53234791755676,-102.655,-1.174,4.785,0.0162,0.2669,0.4069,-0.418,-0.715,-9.681,-0.007323,0.002044,-0.001081
53.681214809417725,-102.621,-1.159,4.732,0.0151,0.2669,0.4082,-1.229,-1.076,-9.894,-0.01648,-0.028979,-0.006979
53.84106397628784,-102.426,-1.027,4.6,0.0163,0.2717,0.4095,-0.098,-0.712,-9.581,-0.067533,0.034237,0.061909
53.9811577796936,-102.201,-1.256,4.553,0.0183,0.2645,0.4084,-0.788,-0.374,-9.594,-0.025678,-0.010675,0.024205
54.166000843048096,-102.143,-0.972,4.621,0.0172,0.2645,0.407,-0.11,-0.543,-9.804,-0.006056,0.022533,-0.003873
54.30698299407959,-102.113,-1.023,4.65,0.0162,0.2681,0.4069,-0.339,-0.705,-9.665,0.001016,-0.003399,0.009058
54.49876689910889,-102.098,-1.062,4.63,0.0162,0.2681,0.4082,-0.213,-0.771,-9.737,0.000583,-0.009096,-2e-05
54.635721921920776,-102.133,-1.134,4.577,0.0172,0.2657,0.4083,0.005,-0.653,-9.819,-0.004057,-0.027055,-0.016752
54.83241391181946,-101.93,-1.318,4.352,0.0172,0.2645,0.407,-0.345,-0.524,-9.67,-0.018872,-0.053156,0.016105
55.02346086502075,-101.916,-1.248,4.465,0.0193,0.2644,0.4058,-0.189,-0.988,-9.609,0.011057,-0.018355,-0.009157
55.212477922439575,-101.904,-1.25,4.465,0.0182,0.2621,0.4058,-0.403,-0.757,-9.658,-0.004418,-0.011716,-0.003682
55.354535818099976,-101.851,-1.195,4.442,0.0162,0.2645,0.4096,-0.265,-0.61,-9.749,0.000282,0.00634,0.002938
55.46392893791199,-101.859,-1.217,4.442,0.0162,0.2657,0.4082,-0.244,-0.725,-9.704,0.000872,-0.002575,0.002229
55.57678198814392,-101.871,-1.35,4.38,0.0193,0.2644,0.4045,-0.306,-0.702,-9.744,-0.023632,-0.04054,-0.006911
55.68026399612427,-101.894,-1.489,4.322,0.0193,0.2633,0.4111,-0.109,-0.678,-9.738,-0.011275,-0.004855,0.004545
55.83936595916748,-101.878,-1.409,4.357,0.0194,0.2668,0.4097,-0.058,-0.597,-9.817,0.026202,-0.027204,0.008109
55.9432909488678,-101.855,-1.44,4.323,0.0216,0.2704,0.4084,-0.671,-0.382,-9.618,0.028008,-0.024517,0.007764
56.047905921936035,-101.752,-1.676,4.273,0.0204,0.2645,0.4111,-0.027,-0.986,-9.767,0.027261,0.006215,-0.012915
56.184181928634644,-101.754,-1.543,4.368,0.0183,0.2657,0.4097,-0.382,-0.579,-9.705,-0.001815,0.047001,0.00112
56.318004846572876,-101.744,-1.321,4.461,0.0194,0.2668,0.4097,-0.151,-0.633,-9.743,0.00314,0.001846,0.000703
56.41955280303955,-101.735,-1.294,4.512,0.0182,0.2644,0.4032,-0.179,-0.766,-9.71,0.011506,0.003482,0.001223
56.607085943222046,-101.709,-1.252,4.602,0.0173,0.2692,0.4082,-0.292,-0.762,-9.656,0.006098,-0.000182,0.001671
56.709999799728394,-101.695,-1.225,4.635,0.0161,0.2657,0.4043,-0.138,-0.787,-9.751,0.008126,0.000966,0.000682
56.81477379798889,-101.681,-1.2,4.67,0.0193,0.2633,0.4072,-0.181,-0.809,-9.714,0.008078,0.003673,0.001466
56.95004892349243,-101.661,-1.161,4.692,0.0205,0.2716,0.4071,-0.157,-0.774,-9.739,0.001567,0.00231,0.000813
57.14143180847168,-101.646,-1.134,4.716,0.0183,0.2692,0.407,-0.281,-0.765,-9.715,0.002253,0.001552,0.001315
57.276288986206055,-101.635,-1.124,4.729,0.0204,0.2668,0.4085,-0.262,-0.765,-9.651,0.001147,0.000669,0.001659
57.381420850753784,-101.627,-1.119,4.733,0.0193,0.2656,0.4084,-0.269,-0.761,-9.713,0.001044,0.002939,0.001201
57.51240682601929,-101.618,-1.118,4.738,0.0195,0.2752,0.4043,-0.227,-0.764,-9.664,0.001744,-9.2e-05,0.000528
57.697129011154175,-101.606,-1.115,4.74,0.0173,0.2693,0.4083,-0.224,-0.773,-9.694,0.000971,0.001359,0.001121
57.831043004989624,-101.596,-1.116,4.739,0.0182,0.2668,0.4044,-0.172,-0.805,-9.699,0.001912,0.003061,0.001461
58.01561999320984,-101.584,-1.117,4.737,0.0193,0.2656,0.4032,-0.196,-0.777,-9.715,0.000883,0.001149,0.000645
58.15560793876648,-101.575,-1.119,4.733,0.0141,0.2669,0.4081,-0.254,-0.761,-9.679,-0.000192,0.000716,0.00084
58.291425943374634,-101.569,-1.119,4.734,0.0203,0.2656,0.4046,-0.239,-0.767,-9.671,0.000324,0.001271,0.002211
58.4780068397522,-101.557,-1.119,4.735,0.0172,0.268,0.4057,-0.137,-0.827,-9.669,0.002094,0.001717,-0.000272
58.5807089805603,-101.551,-1.117,4.735,0.0193,0.2668,0.4058,-0.223,-0.771,-9.678,0.00121,0.000879,0.000877
58.713578939437866,-101.506,-1.115,4.732,0.0172,0.2657,0.407,-0.222,-0.814,-9.694,0.00154,0.001755,0.000128
58.84925580024719,-101.514,-1.117,4.731,0.0163,0.274,0.4042,-0.168,-0.812,-9.689,0.000112,0.000696,0.000249
58.94969892501831,-101.53,-1.114,4.732,0.0152,0.2705,0.4081,-0.26,-0.796,-9.714,4.8e-05,0.002012,-3e-05
59.08175492286682,-101.555,-1.115,4.733,0.0183,0.2657,0.4084,-0.245,-0.805,-9.698,0.00092,0.001567,0.001568
59.218791007995605,-101.563,-1.113,4.734,0.0172,0.2669,0.4083,-0.236,-0.8,-9.713,-5.4e-05,9.4e-05,0.000958
59.362573862075806,-101.565,-1.113,4.735,0.0162,0.2704,0.4043,-0.2,-0.789,-9.677,0.000529,-0.000197,0.000472
59.55133295059204,-101.576,-1.112,4.735,0.0173,0.2669,0.4096,-0.21,-0.761,-9.729,0.000169,-0.000396,0.001162
59.738242864608765,-101.573,-1.111,4.738,0.0172,0.2657,0.4096,-0.206,-0.796,-9.681,-0.000142,0.000459,-0.000207
59.84024000167847,-101.568,-1.111,4.739,0.0152,0.274,0.4055,-0.222,-0.769,-9.715,0.000395,0.000299,2.3e-05
59.980297803878784,-101.567,-1.11,4.738,0.0183,0.2681,0.4096,-0.24,-0.788,-9.741,0.000391,0.00094,0.000372
60.114160776138306,-101.563,-1.11,4.74,0.0162,0.2692,0.4043,-0.242,-0.797,-9.687,0.001397,0.001009,0.000192
60.3018958568573,-101.569,-1.111,4.743,0.0173,0.2716,0.403,-0.159,-0.809,-9.691,0.000694,0.001468,0.001569
60.48945879936218,-101.564,-1.109,4.743,0.0162,0.2669,0.4095,-0.265,-0.769,-9.709,0.00099,-0.000152,0.000806
60.5909149646759,-101.56,-1.108,4.744,0.0172,0.2657,0.407,-0.198,-0.802,-9.721,0.000602,0.000886,0.001467
60.82797694206238,-101.575,-1.108,4.747,0.0172,0.2657,0.4083,-0.182,-0.809,-9.7,-0.000559,0.000395,0.001525
60.93039894104004,-101.573,-1.107,4.746,0.0172,0.2668,0.4044,-0.15,-0.839,-9.691,-0.000327,-0.001489,0.001405
61.06436896324158,-101.579,-1.105,4.748,0.0171,0.2668,0.4018,-0.149,-0.828,-9.663,0.00071,-0.000992,0.000272
61.16681981086731,-101.573,-1.103,4.751,0.0183,0.2704,0.4031,-0.214,-0.833,-9.645,-0.000514,-0.000365,0.001254
61.30068588256836,-101.577,-1.102,4.75,0.0172,0.2692,0.4056,-0.161,-0.833,-9.686,-0.000993,0.001314,0.001245
61.407036781311035,-101.575,-1.102,4.752,0.0184,0.274,0.4082,-0.222,-0.794,-9.692,-5.6e-05,0.000716,3.7e-05
61.54371690750122,-101.568,-1.1,4.75,0.0172,0.2669,0.4083,-0.229,-0.812,-9.728,-0.000964,-0.000325,0.000132
61.64765000343323,-101.57,-1.097,4.751,0.0194,0.2716,0.4057,-0.239,-0.806,-9.73,0.001104,0.000574,0.000261
61.7848219871521,-101.565,-1.097,4.751,0.0172,0.2657,0.4057,-0.254,-0.8,-9.684,0.000321,-0.001119,0.001005
61.889596939086914,-101.561,-1.096,4.753,0.014,0.2633,0.4069,-0.235,-0.794,-9.655,0.001418,0.000161,-0.0008
62.02319693565369,-101.562,-1.095,4.756,0.0194,0.2704,0.4083,-0.206,-0.8,-9.678,0.000396,0.001489,0.000849
62.13042593002319,-101.554,-1.093,4.755,0.0163,0.2716,0.4069,-0.189,-0.791,-9.729,-3e-05,-5.7e-05,-0.000207
62.2661349773407,-101.553,-1.093,4.756,0.0162,0.2716,0.4056,-0.199,-0.791,-9.693,-2.7e-05,-0.000164,0.00066
62.37291193008423,-101.554,-1.091,4.757,0.0193,0.2692,0.4031,-0.192,-0.795,-9.666,-0.001106,0.001136,0.002166
62.4795777797699,-101.553,-1.09,4.758,0.0172,0.2704,0.4017,-0.137,-0.814,-9.702,0.000765,0.000238,0.00065
62.61399793624878,-101.549,-1.089,4.761,0.014,0.2645,0.4069,-0.128,-0.824,-9.683,-0.000223,-0.000394,-0.00082
62.75626492500305,-101.545,-1.088,4.764,0.0162,0.2681,0.4082,-0.177,-0.816,-9.705,0.001033,-0.000213,-0.000463
62.94787883758545,-101.546,-1.085,4.762,0.0193,0.2668,0.4071,-0.207,-0.829,-9.659,0.001875,0.000255,0.000869
63.13234996795654,-101.539,-1.081,4.765,0.0173,0.2669,0.4096,-0.138,-0.817,-9.665,0.001188,0.001943,0.001128
63.31695890426636,-101.537,-1.078,4.766,0.0151,0.2681,0.4042,-0.21,-0.8,-9.722,-0.000279,0.000528,0.000251
63.455917835235596,-101.539,-1.075,4.768,0.0172,0.268,0.4057,-0.209,-0.809,-9.68,-0.000165,0.000796,0.000206
63.5910918712616,-101.54,-1.077,4.771,0.0162,0.2657,0.4096,-0.232,-0.797,-9.703,0.000863,0.001051,0.000556
63.72678899765015,-101.539,-1.076,4.773,0.0172,0.268,0.4057,-0.2,-0.812,-9.702,0.000446,0.000712,0.000298
63.86397695541382,-101.542,-1.076,4.772,0.0152,0.2728,0.4042,-0.217,-0.831,-9.662,0.000331,-0.000607,0.000475
63.93475699424744,-101.543,-1.075,4.773,0.0161,0.2668,0.403,-0.18,-0.794,-9.756,0.001085,-0.000419,-0.00041
64.07319784164429,-101.542,-1.074,4.774,0.0173,0.2704,0.4082,-0.206,-0.789,-9.692,-0.000491,0.001543,-0.00086
64.21247887611389,-101.543,-1.07,4.773,0.0173,0.2681,0.4096,-0.243,-0.799,-9.709,-6.9e-05,0.001008,0.001631
64.3483099937439,-101.537,-1.068,4.772,0.0162,0.2692,0.4043,-0.233,-0.8,-9.674,-0.000333,0.000894,-5.7e-05
64.41737985610962,-101.537,-1.068,4.772,0.0183,0.268,0.4044,-0.102,-0.839,-9.655,0.000971,-0.000105,0.000278
64.55525588989258,-101.538,-1.067,4.773,0.0173,0.2728,0.4069,-0.161,-0.797,-9.696,0.001261,0.000515,0.000236
64.6893298625946,-101.538,-1.066,4.774,0.0172,0.2633,0.407,-0.15,-0.833,-9.67,-0.000423,0.000957,-0.000114
64.84279894828796,-101.539,-1.065,4.775,0.0141,0.2669,0.4094,-0.183,-0.8,-9.71,-0.000918,0.000307,0.001372
64.98974680900574,-101.543,-1.066,4.776,0.0163,0.2693,0.4108,-0.25,-0.792,-9.675,0.000875,-0.000836,-0.000218
65.09575295448303,-101.542,-1.066,4.776,0.0163,0.2705,0.4095,-0.185,-0.806,-9.715,-0.000735,-0.000992,0.00031
65.29254794120789,-101.542,-1.065,4.778,0.0194,0.2692,0.4084,-0.152,-0.839,-9.686,-0.000802,0.000762,-0.000123
65.44575595855713,-101.541,-1.066,4.78,0.0173,0.2692,0.4069,-0.139,-0.829,-9.652,0.000651,0.000428,0.000167
65.59429287910461,-101.541,-1.066,4.78,0.0173,0.2669,0.4122,-0.14,-0.824,-9.665,0.000365,5.3e-05,-7.1e-05
65.73973393440247,-101.537,-1.066,4.78,0.0173,0.2669,0.4109,-0.178,-0.809,-9.713,-0.00088,0.001393,0.001175
65.89036583900452,-101.535,-1.064,4.781,0.0173,0.2704,0.4043,-0.221,-0.779,-9.708,0.000138,0.000356,-0.000422
66.14028882980347,-101.531,-1.066,4.781,0.0172,0.2692,0.4056,-0.197,-0.787,-9.652,0.000847,-0.000344,0.000851
66.3259789943695,-101.529,-1.062,4.783,0.0172,0.2645,0.4096,-0.24,-0.808,-9.663,0.000328,-0.000473,-0.000693
66.48832988739014,-101.531,-1.059,4.785,0.0183,0.268,0.4044,-0.138,-0.799,-9.705,-2.1e-05,-0.00064,0.000761
66.64523577690125,-101.531,-1.059,4.786,0.0194,0.2692,0.4084,-0.185,-0.792,-9.689,0.001268,0.001174,0.000211
66.79217600822449,-101.526,-1.059,4.786,0.0162,0.2693,0.4069,-0.232,-0.789,-9.698,-0.000334,-0.00037,0.001416
66.93771696090698,-101.528,-1.058,4.788,0.0173,0.2693,0.4109,-0.22,-0.787,-9.699,0.001108,0.001692,0.000642
67.07608389854431,-101.532,-1.056,4.786,0.0183,0.2668,0.407,-0.188,-0.824,-9.644,-0.000384,0.001645,0.000854
67.2678108215332,-101.533,-1.055,4.789,0.0174,0.2728,0.4095,-0.134,-0.821,-9.68,-0.001071,4.7e-05,-0.000572
67.43118000030518,-101.53,-1.052,4.791,0.0173,0.2669,0.4109,-0.236,-0.805,-9.695,0.000149,-0.001403,0.000833
67.57761883735657,-101.531,-1.05,4.791,0.0172,0.2692,0.403,-0.195,-0.803,-9.691,0.000659,0.001443,0.000725
67.72566294670105,-101.531,-1.049,4.791,0.0162,0.2657,0.4096,-0.162,-0.854,-9.688,1.5e-05,0.001125,-0.000225
67.86799097061157,-101.531,-1.049,4.792,0.0161,0.268,0.4004,-0.157,-0.817,-9.715,-0.000588,0.000896,-0.00057
67.97747087478638,-101.527,-1.048,4.793,0.0193,0.268,0.4045,-0.193,-0.822,-9.694,-0.000951,-0.000927,0.000297
68.11368680000305,-101.527,-1.047,4.793,0.0151,0.2657,0.4056,-0.197,-0.807,-9.67,-0.00086,-0.00102,-0.000276
68.29992079734802,-101.528,-1.045,4.793,0.0152,0.2716,0.4055,-0.176,-0.812,-9.699,-0.000329,0.000506,-0.000225
68.44456100463867,-101.527,-1.045,4.793,0.0183,0.2668,0.4057,-0.189,-0.819,-9.68,-0.000286,0.000433,0.000247
68.55746078491211,-101.524,-1.045,4.793,0.0172,0.2692,0.4043,-0.182,-0.803,-9.674,0.000359,-0.000221,-0.000207
68.70273184776306,-101.526,-1.044,4.796,0.0172,0.2645,0.4096,-0.218,-0.789,-9.688,8.7e-05,-0.000139,3.7e-05
68.85931777954102,-101.529,-1.046,4.796,0.0183,0.268,0.4057,-0.173,-0.81,-9.669,0.000169,-0.000257,0.000862
69.01991581916809,-101.532,-1.046,4.796,0.0184,0.2704,0.407,-0.187,-0.844,-9.671,0.000886,-0.000882,0.000427
69.2179319858551,-101.53,-1.043,4.801,0.0172,0.2657,0.4083,-0.171,-0.818,-9.701,0.00118,-0.002427,-0.000675
69.35897278785706,-101.531,-1.041,4.801,0.0172,0.2669,0.4083,-0.204,-0.801,-9.65,-0.000808,0.000453,-0.000776
69.49686098098755,-101.532,-1.041,4.8,0.0182,0.268,0.4031,-0.235,-0.807,-9.755,-0.000416,-0.000597,-0.000137
69.60528993606567,-101.536,-1.041,4.799,0.0172,0.2657,0.4057,-0.217,-0.809,-9.665,0.001401,0.001554,0.000333
69.7128038406372,-101.534,-1.04,4.799,0.015,0.268,0.4003,-0.14,-0.824,-9.671,9.7e-05,0.000287,0.000927
69.84746193885803,-101.536,-1.04,4.801,0.0173,0.2692,0.407,-0.141,-0.837,-9.691,-0.000504,0.000175,0.000315
69.98573780059814,-101.534,-1.039,4.8,0.0161,0.268,0.4043,-0.198,-0.8,-9.707,-0.000995,0.00024,-0.000112
70.1754379272461,-101.534,-1.038,4.803,0.0172,0.2704,0.4043,-0.16,-0.824,-9.692,0.000718,0.000951,-0.000115
70.36312580108643,-101.529,-1.035,4.804,0.0174,0.2764,0.4042,-0.142,-0.81,-9.663,0.000828,0.000462,0.000984
70.5117998123169,-101.531,-1.034,4.804,0.0171,0.2621,0.4084,-0.195,-0.809,-9.645,0.001061,0.000235,0.001024
70.65881299972534,-101.529,-1.032,4.805,0.0162,0.2704,0.403,-0.231,-0.802,-9.653,0.00056,0.001966,0.000101
70.80154991149902,-101.528,-1.03,4.805,0.0151,0.2705,0.4055,-0.197,-0.819,-9.675,-0.00078,0.000865,0.000422
71.00394177436829,-101.524,-1.03,4.807,0.0161,0.2692,0.403,-0.174,-0.794,-9.704,-7.9e-05,0.000588,0.000194
71.14751482009888,-101.523,-1.03,4.811,0.0173,0.2716,0.403,-0.206,-0.793,-9.673,-0.000217,0.001081,0.000855
