Time,quat 1,quat 2,quat 3,quat 4
0.1289961338043213,-0.0030152681283652782,-0.0368412621319294,-0.999157726764679,0.01780904084444046
0.20714402198791504,-0.0029702866449952126,-0.036842960864305496,-0.9991554617881775,0.017946112900972366
0.2790820598602295,-0.0029394165612757206,-0.03689510002732277,-0.9991547465324402,0.017883434891700745
0.3995349407196045,-0.0028436866123229265,-0.03685832396149635,-0.9991543889045715,0.017997387796640396
0.5359950065612793,-0.00280492240563035,-0.0368010550737381,-0.9991583228111267,0.0178980715572834
0.6122369766235352,-0.0028060481417924166,-0.036821212619543076,-0.9991557002067566,0.0180007703602314
0.6815440654754639,-0.002788662211969495,-0.0368533730506897,-0.9991548657417297,0.017989354208111763
0.7531640529632568,-0.002774596679955721,-0.036871012300252914,-0.9991509914398193,0.018171757459640503
0.8260159492492676,-0.0027954494580626488,-0.036900654435157776,-0.9991494417190552,0.018187599256634712
0.8958590030670166,-0.002781292423605919,-0.03688843920826912,-0.9991490244865417,0.01824054680764675
0.9655280113220215,-0.0027762465178966522,-0.036908309906721115,-0.9991475343704224,0.01828037202358246
1.0359129905700684,-0.002796989167109132,-0.036934107542037964,-0.9991465210914612,0.018279679119586945
1.073754072189331,-0.00281670899130404,-0.03693576529622078,-0.9991459846496582,0.018306413665413857
1.142812967300415,-0.002818038687109947,-0.036911435425281525,-0.9991469979286194,0.018298035487532616
1.2150189876556396,-0.0028193651232868433,-0.036914464086294174,-0.9991477131843567,0.0182570219039917
1.2834219932556152,-0.002789562800899148,-0.03684995695948601,-0.999150276184082,0.018252752721309662
1.4044301509857178,-0.0027198635507375,-0.036796990782022476,-0.9991487264633179,0.0184289813041687
1.4782180786132812,-0.002674575662240386,-0.03682929277420044,-0.9991488456726074,0.01838047243654728
1.5630180835723877,-0.0026668484788388014,-0.03683340176939964,-0.999151885509491,0.018211236223578453
1.6333160400390625,-0.0026735528372228146,-0.03686951845884323,-0.9991528987884521,0.01808057352900505
1.7015810012817383,-0.00266064889729023,-0.03688186779618263,-0.9991530179977417,0.018053099513053894
1.7711591720581055,-0.002625684253871441,-0.03685903549194336,-0.9991533160209656,0.018089575693011284
1.8463730812072754,-0.0026089809834957123,-0.03686369210481644,-0.9991529583930969,0.01810518093407154
1.9153060913085938,-0.0025884676724672318,-0.03686459735035896,-0.999152660369873,0.01811996102333069
1.952207088470459,-0.002569757867604494,-0.03685275837779045,-0.9991527199745178,0.018139971420168877
2.0216259956359863,-0.00255176005885005,-0.036865685135126114,-0.9991521835327148,0.018146861344575882
2.08971905708313,-0.002556459279730916,-0.036905672401189804,-0.999151885509491,0.018079658970236778
2.1624579429626465,-0.0025537486653774977,-0.036938682198524475,-0.9991503357887268,0.018099185079336166
2.282555103302002,-0.002560009015724063,-0.036999668926000595,-0.9991475343704224,0.018113430589437485
2.3532819747924805,-0.002572243334725499,-0.036995768547058105,-0.9991461038589478,0.018212515860795975
2.430166006088257,-0.002570329001173377,-0.03701084107160568,-0.9991462826728821,0.018168393522500992
2.5053629875183105,-0.0025804885663092136,-0.036989398300647736,-0.9991458654403687,0.018239669501781464
2.574998140335083,-0.002584505593404174,-0.036975741386413574,-0.9991445541381836,0.01833426207304001
2.6467320919036865,-0.0025774205569177866,-0.03701334446668625,-0.9991414546966553,0.018435092642903328
2.7313520908355713,-0.0025993934832513332,-0.03701399266719818,-0.9991406798362732,0.018465111032128334
2.8019840717315674,-0.002632983261719346,-0.037032123655080795,-0.9991390705108643,0.018517082557082176
2.9277000427246094,-0.002628806745633483,-0.03701278939843178,-0.999135434627533,0.018744226545095444
2.9977450370788574,-0.002624984597787261,-0.0370185486972332,-0.9991346597671509,0.018781419843435287
3.1164989471435547,-0.002672608708962798,-0.03698369860649109,-0.9991346597671509,0.018839532509446144
3.150663137435913,-0.0026831654831767082,-0.036971379071474075,-0.9991341233253479,0.01888708956539631
3.218964099884033,-0.0027176521252840757,-0.036971304565668106,-0.9991346597671509,0.01886141300201416
3.2893290519714355,-0.0027764064725488424,-0.037055619060993195,-0.9991312026977539,0.018866833299398422
3.3636960983276367,-0.0027926273178309202,-0.03704111650586128,-0.9991291165351868,0.019010178744792938
3.4844319820404053,-0.0028465986251831055,-0.03708295524120331,-0.9991284012794495,0.01895066164433956
3.5542380809783936,-0.002846040762960911,-0.03706502169370651,-0.9991263747215271,0.019095690920948982
3.5973000526428223,-0.002836313098669052,-0.03703491389751434,-0.9991276264190674,0.019089749082922935
3.7169671058654785,-0.002839229069650173,-0.03705408796668053,-0.9991266131401062,0.019098635762929916
3.7896780967712402,-0.002850126475095749,-0.03705739974975586,-0.9991248250007629,0.019190963357686996
3.8581650257110596,-0.00286460155621171,-0.037070825695991516,-0.9991258978843689,0.0190997626632452
3.93367600440979,-0.0028798263520002365,-0.03710401430726051,-0.9991258978843689,0.01903688535094261
4.004435062408447,-0.0028643489349633455,-0.03705544397234917,-0.9991329908370972,0.018757393583655357
4.077864170074463,-0.0028683908749371767,-0.03706250339746475,-0.9991347193717957,0.018654074519872665
4.1980860233306885,-0.0028985796961933374,-0.03694406896829605,-0.9991372227668762,0.01875164918601513
4.269935131072998,-0.0029212108347564936,-0.03689485043287277,-0.9991398453712463,0.01869974657893181
4.338418960571289,-0.0030044913291931152,-0.036756835877895355,-0.9991452693939209,0.0186753049492836
4.4078991413116455,-0.0029240301810204983,-0.03678526356816292,-0.9991413354873657,0.018835389986634254
4.4783899784088135,-0.0028506796807050705,-0.03656676411628723,-0.9991493225097656,0.01885455846786499
4.603292942047119,-0.0022150659933686256,-0.03585533797740936,-0.9991694688796997,0.01921188086271286
4.673381090164185,-0.002106355968862772,-0.035556163638830185,-0.9991844892501831,0.01901961863040924
4.747298955917358,-0.0018969891825690866,-0.03561621531844139,-0.9991833567619324,0.018987128511071205
4.822533130645752,-0.0019630559254437685,-0.035766907036304474,-0.9991791248321533,0.018915103748440742
4.891113042831421,-0.0018732011085376143,-0.03595990687608719,-0.9991701245307922,0.019037028774619102
4.963541030883789,-0.0021123583428561687,-0.03602657467126846,-0.9991723895072937,0.018756570294499397
5.0335259437561035,-0.002561550820246339,-0.035912126302719116,-0.9991909265518188,0.017902575433254242
5.1014111042022705,-0.002344822743907571,-0.036312077194452286,-0.9991709589958191,0.018238864839076996
5.174468040466309,-0.002696495968848467,-0.03631879761815071,-0.9991803765296936,0.017671635374426842
5.249099969863892,-0.001523382030427456,-0.03716510906815529,-0.9991660118103027,0.016836393624544144
5.317228078842163,-0.001272380817681551,-0.03754683583974838,-0.9991590976715088,0.016430843621492386
5.388551950454712,-0.0010762190213426948,-0.03806775435805321,-0.9991347193717957,0.016710937023162842
5.508214950561523,-0.0009854005184024572,-0.03844660893082619,-0.9991300702095032,0.016122788190841675
5.5799829959869385,-0.0009629555861465633,-0.03831202909350395,-0.9991348385810852,0.016146240755915642
5.64875602722168,0.0012652657460421324,-0.04016449674963951,-0.9991139769554138,0.012487664818763733
5.722008943557739,0.0026282870676368475,-0.043699391186237335,-0.9989870190620422,0.01036925334483385
5.793555974960327,0.002964956220239401,-0.04399454593658447,-0.9989768266677856,0.0100521519780159
5.9151811599731445,0.0022807179484516382,-0.04146737605333328,-0.9990783929824829,0.010853016749024391
5.984410047531128,0.0004770256928168237,-0.039066728204488754,-0.9991629719734192,0.012137490324676037
6.05663800239563,-0.0031966979149729013,-0.03503843769431114,-0.9992931485176086,0.013270228169858456
6.125005006790161,-0.008361843414604664,-0.030998362228274345,-0.9993782043457031,0.01457726676017046
6.1958301067352295,-0.010036454536020756,-0.029304705560207367,-0.9994035363197327,0.015297163277864456
6.281682968139648,-0.008188140578567982,-0.032719142735004425,-0.9992881417274475,0.016911562532186508
6.349853038787842,-0.009961201809346676,-0.03225647285580635,-0.9992769956588745,0.01751057803630829
6.469195127487183,-0.009706152603030205,-0.030607260763645172,-0.9993103742599487,0.01864057406783104
6.538236141204834,-0.009525572881102562,-0.030231716111302376,-0.9993225932121277,0.018692530691623688
6.60650897026062,-0.009000980295240879,-0.0301433764398098,-0.9993271231651306,0.01886516436934471
6.684746026992798,-0.009050512686371803,-0.030066560953855515,-0.9993201494216919,0.01932726614177227
6.75545597076416,-0.009537074714899063,-0.029978645965456963,-0.9993106722831726,0.019693104550242424
6.829426050186157,-0.012632427737116814,-0.030326861888170242,-0.9992655515670776,0.01972784474492073
6.949615955352783,-0.013294621370732784,-0.02840736322104931,-0.9992964267730713,0.02056119032204151
7.068235158920288,-0.01187213882803917,-0.02772415801882744,-0.999323844909668,0.02103181928396225
7.188079118728638,-0.010502809658646584,-0.028867144137620926,-0.9993200898170471,0.020383307710289955
7.305256128311157,-0.007071814965456724,-0.0300288125872612,-0.9993082284927368,0.02080221101641655
7.341662168502808,-0.005296797025948763,-0.03034767135977745,-0.9992806911468506,0.022154059261083603
7.41730809211731,-0.00032270175870507956,-0.03210180997848511,-0.9990471601486206,0.029692452400922775
7.48526406288147,0.00673786923289299,-0.03225688263773918,-0.9986799955368042,0.03946923837065697
7.552747011184692,0.003365747630596161,-0.03202341869473457,-0.998698890209198,0.03948225453495979
7.627148151397705,-0.006486823782324791,-0.03056640736758709,-0.9989477396011353,0.03352043405175209
7.745638132095337,-0.014277368783950806,-0.032871946692466736,-0.998894989490509,0.030388202518224716
7.822227954864502,-0.02196752279996872,-0.03241412714123726,-0.9988226294517517,0.028556659817695618
7.892927169799805,-0.027776092290878296,-0.030892683193087578,-0.9987648725509644,0.027234099805355072
7.964738130569458,-0.027747713029384613,-0.03057258576154709,-0.9988012909889221,0.026301635429263115
8.035436153411865,-0.02491144835948944,-0.0316288061439991,-0.9987761378288269,0.028759825974702835
8.15552806854248,-0.02588968351483345,-0.031835827976465225,-0.9987115263938904,0.02986135333776474
8.228391170501709,-0.026545172557234764,-0.03200924023985863,-0.9986844062805176,0.030003612861037254
8.297218084335327,-0.027182601392269135,-0.03189137950539589,-0.9986631274223328,0.030268291011452675
8.364015102386475,-0.027477741241455078,-0.03241003677248955,-0.9985955357551575,0.03165874257683754
8.43701696395874,-0.028685903176665306,-0.03247355297207832,-0.9985005259513855,0.03347676247358322
8.559407949447632,-0.0339139960706234,-0.031893447041511536,-0.9980340600013733,0.04204105958342552
8.630129098892212,-0.03316245973110199,-0.03118274360895157,-0.9978316426277161,0.04759768396615982
8.701826095581055,-0.03494010493159294,-0.029911674559116364,-0.9975534081459045,0.05271081253886223
8.774729013442993,-0.03449712693691254,-0.031929127871990204,-0.9970987439155579,0.05999056622385979
8.853758096694946,-0.03408775478601456,-0.03566795960068703,-0.9961715340614319,0.07231094688177109
8.922652006149292,-0.032440025359392166,-0.038754887878894806,-0.9951572418212891,0.08469728380441666
8.993016958236694,-0.02989489771425724,-0.039925314486026764,-0.9936143159866333,0.10143741220235825
9.066492080688477,-0.02594207040965557,-0.039274830371141434,-0.9911580681800842,0.12429960072040558
9.109212160110474,-0.024968303740024567,-0.03853253647685051,-0.9902699589729309,0.13159708678722382
9.18599796295166,-0.02171596698462963,-0.034125007688999176,-0.9865508675575256,0.1586291790008545
9.256246089935303,-0.019311077892780304,-0.03312215209007263,-0.9832097887992859,0.17865441739559174
9.329977035522461,-0.017721114680171013,-0.034614838659763336,-0.9792423844337463,0.19916588068008423
9.400514125823975,-0.017906012013554573,-0.03679870441555977,-0.9752687811851501,0.21768711507320404
9.471716165542603,-0.018228422850370407,-0.039820101112127304,-0.9703723788261414,0.23782923817634583
9.599555969238281,-0.018957989290356636,-0.044851794838905334,-0.9636503458023071,0.2627842426300049
9.668149948120117,-0.019391048699617386,-0.047908104956150055,-0.9621773362159729,0.2675167918205261
9.785628080368042,-0.020855359733104706,-0.05114157497882843,-0.9600892663002014,0.274288147687912
9.822411060333252,-0.02100234478712082,-0.05231619253754616,-0.9594849348068237,0.2761065363883972
9.889708995819092,-0.021221211180090904,-0.05419865995645523,-0.9582971334457397,0.2798946499824524
9.961534023284912,-0.021436510607600212,-0.055458489805459976,-0.9570128917694092,0.28401368856430054
10.039490938186646,-0.022562481462955475,-0.055428408086299896,-0.9546207785606384,0.2919447720050812
10.114017009735107,-0.024051683023571968,-0.05444866046309471,-0.9519081115722656,0.3006654679775238
10.237628936767578,-0.026530135422945023,-0.053094249218702316,-0.946630597114563,0.3169153928756714
10.311579942703247,-0.02821437269449234,-0.05272968113422394,-0.943431556224823,0.32623228430747986
10.379788160324097,-0.03084625117480755,-0.053072649985551834,-0.9404853582382202,0.3344455659389496
10.447597980499268,-0.03354240953922272,-0.0532454177737236,-0.9376758933067322,0.341858446598053
10.517774105072021,-0.03587973862886429,-0.053409330546855927,-0.9350408911705017,0.34874454140663147
10.588356971740723,-0.03834943100810051,-0.053911782801151276,-0.9332054257392883,0.3532530963420868
10.712918996810913,-0.042685214430093765,-0.05438150092959404,-0.9300446510314941,0.36093854904174805
10.782474994659424,-0.04447626695036888,-0.054405465722084045,-0.9283361434936523,0.36514776945114136
10.852061986923218,-0.046111755073070526,-0.054918695241212845,-0.9262567162513733,0.37007299065589905
10.931827068328857,-0.04804385453462601,-0.05572355166077614,-0.9239108562469482,0.37552163004875183
11.0020010471344,-0.05007800832390785,-0.05669865384697914,-0.9220908284187317,0.3795565366744995
11.072533130645752,-0.05222291499376297,-0.05799831449985504,-0.9203587174415588,0.38326042890548706
11.154215097427368,-0.05493399128317833,-0.059514060616493225,-0.9169395565986633,0.390882670879364
11.277658939361572,-0.05944325402379036,-0.0618990957736969,-0.9121478796005249,0.4008271098136902
11.34556794166565,-0.06291335821151733,-0.06367979198694229,-0.9102603197097778,0.40429890155792236
11.417082071304321,-0.06588529050350189,-0.06513932347297668,-0.9088221788406372,0.4068179726600647
11.484930038452148,-0.06741923093795776,-0.06584528088569641,-0.9071739912033081,0.41009581089019775
11.55530595779419,-0.06805090606212616,-0.06585964560508728,-0.906349241733551,0.4117932915687561
11.630080938339233,-0.06916550546884537,-0.06584716588258743,-0.9059231877326965,0.41253581643104553
11.753123044967651,-0.0711982399225235,-0.06590420007705688,-0.9058168530464172,0.4124103784561157
11.821630954742432,-0.07211165130138397,-0.0650177076458931,-0.906582236289978,0.4106750190258026
11.888175964355469,-0.07237736880779266,-0.06287188082933426,-0.9079105854034424,0.40799957513809204
11.960186958312988,-0.07215998321771622,-0.06009616702795029,-0.9116026759147644,0.4000667631626129
12.03436803817749,-0.07072493433952332,-0.05833745375275612,-0.9177502989768982,0.3862600028514862
12.158306121826172,-0.06943664699792862,-0.05606422945857048,-0.9295346736907959,0.35754668712615967
12.237622022628784,-0.07139326632022858,-0.053309548646211624,-0.9380308389663696,0.33464065194129944
12.308894157409668,-0.07276265323162079,-0.050500206649303436,-0.9457492232322693,0.3123090863227844
12.378074169158936,-0.0750148817896843,-0.04688582569360733,-0.9532105922698975,0.2887783348560333
12.447623014450073,-0.07766691595315933,-0.042617689818143845,-0.9613434672355652,0.26034867763519287
12.51786994934082,-0.08072493225336075,-0.038409363478422165,-0.9685986042022705,0.2316346913576126
12.586186170578003,-0.0836576446890831,-0.03466949239373207,-0.9749318361282349,0.20249955356121063
12.623724937438965,-0.08551351726055145,-0.03308875113725662,-0.9780203104019165,0.18655841052532196
12.697062969207764,-0.08930867165327072,-0.03148816153407097,-0.9825802445411682,0.15929369628429413
12.771748065948486,-0.09271890670061111,-0.030575355514883995,-0.986126184463501,0.1339825987815857
12.84929609298706,-0.0953090712428093,-0.029191529378294945,-0.9887797236442566,0.11100031435489655
12.919827938079834,-0.0959155336022377,-0.02704230509698391,-0.9908316135406494,0.09097751975059509
12.990482091903687,-0.09558062255382538,-0.026568785309791565,-0.9923911690711975,0.07268674671649933
13.065268993377686,-0.09496200829744339,-0.02677052468061447,-0.9938277006149292,0.05044298246502876
13.102818965911865,-0.09446871280670166,-0.027058130130171776,-0.9943302273750305,0.040323443710803986
13.150506973266602,-0.0936037227511406,-0.02613319456577301,-0.9950717687606812,0.019300522282719612
13.271850109100342,-0.08876226097345352,-0.018342982977628708,-0.9952863454818726,-0.03485023230314255
13.343973159790039,-0.08738326281309128,-0.01804950460791588,-0.9940168857574463,-0.06332504004240036
13.411692142486572,-0.08512911200523376,-0.02087238058447838,-0.9924102425575256,-0.08648146688938141
13.483731985092163,-0.08251088857650757,-0.01969555765390396,-0.9914114475250244,-0.09976737946271896
13.552561044692993,-0.0787486582994461,-0.01524223294109106,-0.9909085035324097,-0.10812417417764664
13.671295166015625,-0.07816261798143387,-0.008790053427219391,-0.9893314838409424,-0.12270355969667435
13.741897106170654,-0.07772897183895111,-0.006847175769507885,-0.9885717034339905,-0.12906327843666077
13.81285810470581,-0.07676643133163452,-0.005044851452112198,-0.9877581000328064,-0.13579362630844116
13.882070064544678,-0.07497204840183258,-0.0020381412468850613,-0.9864470958709717,-0.14611224830150604
13.955296039581299,-0.07358752936124802,0.0027735386975109577,-0.9838857054710388,-0.16335101425647736
14.07556700706482,-0.07342430204153061,0.008607622236013412,-0.9790474772453308,-0.1899442970752716
14.147354125976562,-0.07404814660549164,0.012286280281841755,-0.97532057762146,-0.20787526667118073
14.268087148666382,-0.07436253875494003,0.01957092061638832,-0.9676036238670349,-0.24070879817008972
14.389798164367676,-0.07398796826601028,0.023377830162644386,-0.9599218368530273,-0.2697157561779022
14.45781397819519,-0.07376743853092194,0.024138199165463448,-0.9552698135375977,-0.28558120131492615
14.53045105934143,-0.07328058034181595,0.025335663929581642,-0.9494051933288574,-0.3045739531517029
14.599704027175903,-0.07272972911596298,0.02673177793622017,-0.9433226585388184,-0.32317185401916504
14.67137098312378,-0.07153816521167755,0.029160747304558754,-0.9370023608207703,-0.3410884141921997
14.746744155883789,-0.06969844549894333,0.03211379051208496,-0.9307888150215149,-0.35759082436561584
14.786381006240845,-0.06865735352039337,0.03353756666183472,-0.9277064204216003,-0.36558353900909424
14.823697090148926,-0.06752040982246399,0.03473186865448952,-0.9248777031898499,-0.3727799355983734
14.862352132797241,-0.0663297027349472,0.03563953936100006,-0.9219285249710083,-0.3801272213459015
14.907470941543579,-0.06491781026124954,0.03647058084607124,-0.91837477684021,-0.38881322741508484
15.028097152709961,-0.061682164669036865,0.03811200335621834,-0.9085930585861206,-0.41150736808776855
15.103675127029419,-0.0601964108645916,0.039867330342531204,-0.9019201993942261,-0.4259970188140869
15.171658992767334,-0.05956592038273811,0.041347578167915344,-0.8958281874656677,-0.43863645195961
15.246615171432495,-0.05807694420218468,0.04337218031287193,-0.8882834911346436,-0.45386001467704773
15.316651105880737,-0.05652352795004845,0.04516606777906418,-0.8819240927696228,-0.466100811958313
15.387194156646729,-0.054787784814834595,0.04669266939163208,-0.8760890364646912,-0.476993203163147
15.509746074676514,-0.05214982107281685,0.04841874539852142,-0.8669480085372925,-0.49339455366134644
15.577085971832275,-0.05160699039697647,0.048817042261362076,-0.8628969788551331,-0.5004453063011169
15.64588212966919,-0.05162304267287254,0.04951909929513931,-0.8590869307518005,-0.5068894624710083
15.716032981872559,-0.051880843937397,0.050670962780714035,-0.8554297089576721,-0.512947142124176
15.784566164016724,-0.05239191651344299,0.05159368738532066,-0.8529629707336426,-0.5168092846870422
15.820924997329712,-0.05240399017930031,0.051770590245723724,-0.8520078659057617,-0.518355131149292
15.890928030014038,-0.051939330995082855,0.051464542746543884,-0.8509163856506348,-0.5202263593673706
15.962669134140015,-0.05156489834189415,0.05067339539527893,-0.8503299355506897,-0.5212600827217102
16.04403805732727,-0.05188727751374245,0.05003075301647186,-0.8507744669914246,-0.5205515623092651
16.11432409286499,-0.05280264839529991,0.04789046570658684,-0.8518788814544678,-0.5187983512878418
16.236945152282715,-0.053888190537691116,0.03836381807923317,-0.8577951192855835,-0.5096510052680969
16.304880142211914,-0.05249445512890816,0.03308302164077759,-0.861630916595459,-0.503635585308075
16.375452041625977,-0.0531119666993618,0.02802823856472969,-0.8674519062042236,-0.49371442198753357
16.453087091445923,-0.05621754750609398,0.02649976685643196,-0.8768504858016968,-0.4765356779098511
16.521931171417236,-0.06006697565317154,0.02725113369524479,-0.8852415680885315,-0.4602055251598358
16.589121103286743,-0.06433135271072388,0.02815532684326172,-0.8937379121780396,-0.4428025186061859
16.663706064224243,-0.06976369023323059,0.02805888094007969,-0.9050203561782837,-0.4183615744113922
16.6997971534729,-0.0716509222984314,0.02800701931118965,-0.9108772277832031,-0.4051554501056671
16.773446083068848,-0.07478776574134827,0.02525137923657894,-0.9222864508628845,-0.37803173065185547
16.84692406654358,-0.07822641730308533,0.0210819561034441,-0.9336777925491333,-0.34851643443107605
16.915761947631836,-0.081145279109478,0.01726849563419819,-0.9429342746734619,-0.32213202118873596
16.98417901992798,-0.08400056511163712,0.012931663542985916,-0.9508125185966492,-0.2976033091545105
17.021533012390137,-0.08625014871358871,0.011779333464801311,-0.954664945602417,-0.28436222672462463
17.09274911880493,-0.09083079546689987,0.009852024726569653,-0.960889995098114,-0.2608586251735687
17.164833068847656,-0.09498254954814911,0.008172002620995045,-0.966486930847168,-0.2380942404270172
17.241559982299805,-0.0977587178349495,0.00705385347828269,-0.9713854789733887,-0.2161273956298828
17.315624952316284,-0.09812377393245697,0.0059996130876243114,-0.9749166369438171,-0.19952939450740814
17.387468099594116,-0.09701824188232422,0.0049096355214715,-0.9771511554718018,-0.18890419602394104
17.514244079589844,-0.09304198622703552,-6.435200339183211e-05,-0.9818934798240662,-0.16483883559703827
17.58504009246826,-0.09092150628566742,-0.004360388498753309,-0.9843783974647522,-0.15052977204322815
17.62263298034668,-0.09019747376441956,-0.006750581786036491,-0.985583484172821,-0.14277975261211395
17.657998085021973,-0.08975446224212646,-0.008879466913640499,-0.9866603016853333,-0.1353590041399002
17.73119306564331,-0.0890059769153595,-0.012462208047509193,-0.9885911345481873,-0.12070302665233612
17.801769018173218,-0.08836796134710312,-0.014931309968233109,-0.9901233315467834,-0.10750546306371689
17.8720760345459,-0.08829110115766525,-0.017323248088359833,-0.991363525390625,-0.095255546271801
17.947270154953003,-0.08853194862604141,-0.01985524594783783,-0.9925299286842346,-0.08139011263847351
18.068094968795776,-0.08862562477588654,-0.024257441982626915,-0.9939851760864258,-0.05947050079703331
18.14681601524353,-0.09007127583026886,-0.024466903880238533,-0.9941210746765137,-0.05486470088362694
18.2176251411438,-0.09287729859352112,-0.023329978808760643,-0.9939149618148804,-0.05439941957592964
18.2845721244812,-0.09342089295387268,-0.019886868074536324,-0.9941714406013489,-0.049799613654613495
18.36345601081848,-0.09404976665973663,-0.007148606237024069,-0.9947620034217834,-0.039172571152448654
18.433345079421997,-0.09908689558506012,0.016236931085586548,-0.9944701790809631,-0.030685624107718468
18.499869108200073,-0.10636675357818604,0.04097874090075493,-0.9931603074073792,-0.025235699489712715
18.568876028060913,-0.11056800186634064,0.062385428696870804,-0.9916484355926514,-0.022700292989611626
18.638740062713623,-0.11076835542917252,0.08154309540987015,-0.9902287721633911,-0.022990819066762924
18.708801984786987,-0.10887711495161057,0.10074982047080994,-0.9886433482170105,-0.02409357577562332
18.780275106430054,-0.10710790753364563,0.12422334402799606,-0.9861350655555725,-0.02523341216146946
18.90415596961975,-0.10232710093259811,0.16711722314357758,-0.9801764488220215,-0.02926510199904442
18.983054161071777,-0.09909220039844513,0.1906912475824356,-0.9761555194854736,-0.030648035928606987
19.053570985794067,-0.0962783694267273,0.20874153077602386,-0.9727036952972412,-0.031702473759651184
19.122835159301758,-0.09524930268526077,0.22897222638130188,-0.9682575464248657,-0.03123646415770054
19.19512414932251,-0.09370347112417221,0.2519527077674866,-0.9626817107200623,-0.03135266900062561
19.26496410369873,-0.09182395040988922,0.27093034982681274,-0.9576939344406128,-0.03143157809972763
19.334757089614868,-0.08668553829193115,0.28666773438453674,-0.9535117745399475,-0.033541880548000336
19.42173194885254,-0.0800165981054306,0.29406267404556274,-0.9516617059707642,-0.03839690983295441
19.499179124832153,-0.07363156974315643,0.3006792962551117,-0.9497928023338318,-0.04549679532647133
19.57454013824463,-0.06946007907390594,0.3053054213523865,-0.948394238948822,-0.05017184093594551
19.647406101226807,-0.06556405127048492,0.3098445236682892,-0.946973979473114,-0.05425261706113815
19.768869161605835,-0.06125616654753685,0.316129595041275,-0.9448568820953369,-0.05964326858520508
19.847126960754395,-0.05760301277041435,0.3199344575405121,-0.9437189102172852,-0.060993727296590805
19.96873903274536,-0.05169764161109924,0.3251085579395294,-0.9422157406806946,-0.06210075691342354
20.0919771194458,-0.051165979355573654,0.3229181170463562,-0.9432831406593323,-0.05757094919681549
20.218664169311523,-0.05011569708585739,0.32925480604171753,-0.94148188829422,-0.051852140575647354
20.291388034820557,-0.050034184008836746,0.3281278610229492,-0.9419518709182739,-0.05053960904479027
20.363301992416382,-0.05086737871170044,0.3250635266304016,-0.9430223107337952,-0.04953334853053093
20.4899320602417,-0.05192488431930542,0.3214840888977051,-0.9442449808120728,-0.04849667847156525
20.616400003433228,-0.05003959313035011,0.3299558758735657,-0.9415488839149475,-0.0459161214530468
20.685124158859253,-0.04929044842720032,0.3334997594356537,-0.9404156804084778,-0.04433699697256088
20.75345802307129,-0.04965517297387123,0.3308367133140564,-0.9414165616035461,-0.042578499764204025
20.824610948562622,-0.05184323340654373,0.3243650197982788,-0.943726658821106,-0.03840368613600731
20.894906997680664,-0.05537198856472969,0.3143562376499176,-0.9470850229263306,-0.03370702266693115
21.015012979507446,-0.05748477950692177,0.2925017476081848,-0.9540976285934448,-0.028925281018018723
21.085214138031006,-0.05608722195029259,0.2715573012828827,-0.9603087902069092,-0.030309705063700676
21.156017065048218,-0.05412524566054344,0.24428267776966095,-0.9676783680915833,-0.03155317157506943
21.22822594642639,-0.05291692540049553,0.21742786467075348,-0.9741384387016296,-0.03127990663051605
21.303564071655273,-0.052547309547662735,0.19093148410320282,-0.9797419309616089,-0.02982807345688343
21.372987985610962,-0.05148410424590111,0.1665295660495758,-0.9842536449432373,-0.029354380443692207
21.44643807411194,-0.049371227622032166,0.14262621104717255,-0.9880982041358948,-0.029712889343500137
21.518736124038696,-0.047595757991075516,0.12638437747955322,-0.99038165807724,-0.030094489455223083
21.637612104415894,-0.04726729914546013,0.1009313240647316,-0.993344783782959,-0.029045380651950836
21.70610809326172,-0.04717132821679115,0.08352120965719223,-0.9949915409088135,-0.028119806200265884
21.775588989257812,-0.04658558964729309,0.06492960453033447,-0.9964032769203186,-0.028190486133098602
21.84909200668335,-0.04661180451512337,0.04472167417407036,-0.9975095987319946,-0.028302501887083054
21.916728019714355,-0.047618087381124496,0.02379194274544716,-0.9982062578201294,-0.027376551181077957
22.04307198524475,-0.05129852890968323,-0.02146516740322113,-0.9981715679168701,-0.023682309314608574
22.113363027572632,-0.052837394177913666,-0.04463917762041092,-0.9973325133323669,-0.02330693043768406
22.19081711769104,-0.054191071540117264,-0.06611543893814087,-0.996060311794281,-0.023584697395563126
22.263153076171875,-0.0554397813975811,-0.08530808985233307,-0.9945353865623474,-0.02340371534228325
22.301949977874756,-0.055587705224752426,-0.09588337689638138,-0.9935728907585144,-0.022997431457042694
22.3785719871521,-0.05536983534693718,-0.11892618983983994,-0.9911078810691833,-0.022262148559093475
22.453274965286255,-0.05512334406375885,-0.14476856589317322,-0.9876921772956848,-0.021622853353619576
22.53071403503418,-0.05466579645872116,-0.1726190745830536,-0.9832531213760376,-0.02067258208990097
22.60396909713745,-0.054298195987939835,-0.1931358277797699,-0.9794483780860901,-0.020768165588378906
22.67611598968506,-0.05361366644501686,-0.215955913066864,-0.9746921062469482,-0.02154162898659706
22.74935793876648,-0.053301867097616196,-0.23181727528572083,-0.9710738062858582,-0.020831890404224396
22.873123168945312,-0.05594431981444359,-0.24048610031604767,-0.9688908457756042,-0.016906091943383217
22.945585012435913,-0.056404802948236465,-0.2457902431488037,-0.9675810933113098,-0.013847622089087963
23.012691020965576,-0.05761568993330002,-0.2524433135986328,-0.965807318687439,-0.012990652583539486
23.082525968551636,-0.058616284281015396,-0.26756155490875244,-0.9616795182228088,-0.012125715613365173
23.151695013046265,-0.0576288178563118,-0.28446945548057556,-0.9568870067596436,-0.011091229505836964
23.26932716369629,-0.059006962925195694,-0.30488088726997375,-0.950497031211853,-0.011012328788638115
23.33900213241577,-0.060728173702955246,-0.31428810954093933,-0.9473124146461487,-0.011592626571655273
23.40702795982361,-0.06141186133027077,-0.322363018989563,-0.9445435404777527,-0.012177492491900921
23.480062007904053,-0.06230730190873146,-0.33188697695732117,-0.941174328327179,-0.012636586092412472
23.55213212966919,-0.06361150741577148,-0.3402048349380493,-0.9381070733070374,-0.013015552423894405
23.623043060302734,-0.06460148096084595,-0.3471892476081848,-0.9354751110076904,-0.013133885338902473
23.659991025924683,-0.06503433734178543,-0.350823312997818,-0.9340874552726746,-0.013202348724007607
23.70782995223999,-0.06593534350395203,-0.35566723346710205,-0.9321888089179993,-0.013324769213795662
23.83402705192566,-0.06740514189004898,-0.36890625953674316,-0.9269153475761414,-0.013889209367334843
23.905323028564453,-0.06800594925880432,-0.3751222789287567,-0.9243676662445068,-0.014245904982089996
23.946146965026855,-0.06843546032905579,-0.37891557812690735,-0.9227851033210754,-0.014400254003703594
24.069605112075806,-0.0684593990445137,-0.3909979462623596,-0.9177244305610657,-0.014692330732941628
24.141562938690186,-0.06873943656682968,-0.398305743932724,-0.914549708366394,-0.01505066454410553
24.219449996948242,-0.06840991228818893,-0.40707769989967346,-0.9106940627098083,-0.015635477378964424
24.272819995880127,-0.06797583401203156,-0.41212016344070435,-0.9084527492523193,-0.01581108197569847
24.341247081756592,-0.06766898185014725,-0.4181700050830841,-0.9057040214538574,-0.015964185819029808
24.40933895111084,-0.06723134964704514,-0.4240836203098297,-0.9029818773269653,-0.016026338562369347
24.483031034469604,-0.06700927764177322,-0.4298091232776642,-0.9002894759178162,-0.015897972509264946
24.560503005981445,-0.06720428913831711,-0.43553510308265686,-0.8975216746330261,-0.0157312024384737
24.632646083831787,-0.06698913872241974,-0.44014430046081543,-0.8952922224998474,-0.015406773425638676
24.706148147583008,-0.0668724849820137,-0.44362637400627136,-0.8935825228691101,-0.015302321873605251
24.785654067993164,-0.06668800860643387,-0.4447489082813263,-0.8930362462997437,-0.015403815545141697
24.868006944656372,-0.06637172400951385,-0.44514140486717224,-0.8928655385971069,-0.015323552303016186
24.936028957366943,-0.06563110649585724,-0.44357824325561523,-0.8936992883682251,-0.015236694365739822
24.97120499610901,-0.06506837159395218,-0.44094324111938477,-0.8950490951538086,-0.014896978624165058
25.040946006774902,-0.06475751101970673,-0.4346560835838318,-0.898152768611908,-0.014216864481568336
25.116270065307617,-0.06359265744686127,-0.42433369159698486,-0.9031304121017456,-0.015941761434078217
25.199357986450195,-0.06129860877990723,-0.4130927622318268,-0.9084368348121643,-0.01842336170375347
25.26791000366211,-0.06043069064617157,-0.39867329597473145,-0.9149186611175537,-0.018198875710368156
25.335205078125,-0.06142772361636162,-0.3780800998210907,-0.9235675930976868,-0.01745508797466755
25.375466108322144,-0.0618310272693634,-0.3649151921272278,-0.9288247227668762,-0.01726802997291088
25.415102005004883,-0.061726465821266174,-0.35116806626319885,-0.9341226816177368,-0.016867203637957573
25.450302124023438,-0.061270587146282196,-0.3393552005290985,-0.9385160803794861,-0.01647321879863739
25.497135162353516,-0.06007974222302437,-0.32160887122154236,-0.944824755191803,-0.016253426671028137
25.619181156158447,-0.05682448297739029,-0.2686218321323395,-0.9614576101303101,-0.014563621021807194
25.691977977752686,-0.05595831200480461,-0.23306268453598022,-0.9707567095756531,-0.013466814532876015
25.769766092300415,-0.057485729455947876,-0.20358535647392273,-0.9772891402244568,-0.012417658232152462
25.84280800819397,-0.05807202681899071,-0.1790495067834854,-0.982047438621521,-0.012314033694565296
25.917562007904053,-0.05834319815039635,-0.15792782604694366,-0.9856269359588623,-0.01406402699649334
25.98575496673584,-0.05763833597302437,-0.13792040944099426,-0.9885755777359009,-0.019376670941710472
26.05637001991272,-0.0574110709130764,-0.11980640143156052,-0.9909420609474182,-0.019585616886615753
26.18343210220337,-0.05585779249668121,-0.09262846410274506,-0.993956983089447,-0.018699904903769493
26.251418113708496,-0.05299797281622887,-0.07700096070766449,-0.9954394102096558,-0.019032126292586327
26.322261095046997,-0.051300086081027985,-0.06143823638558388,-0.9966199994087219,-0.018490081652998924
26.392627954483032,-0.050176724791526794,-0.04513619840145111,-0.9975742101669312,-0.01703309267759323
26.46717596054077,-0.049674101173877716,-0.027352167293429375,-0.9982660412788391,-0.015771890059113503
26.5362491607666,-0.04962548986077309,-0.00964156910777092,-0.9986028075218201,-0.015397263690829277
26.57169795036316,-0.04941738396883011,-0.0028667161241173744,-0.9986512660980225,-0.015667425468564034
26.64421796798706,-0.04901409149169922,0.015412548556923866,-0.998559832572937,-0.015392960980534554
26.71377205848694,-0.04927090182900429,0.018894288688898087,-0.9985178709030151,-0.013280265033245087
26.784631967544556,-0.04940294846892357,0.014165650121867657,-0.9986699819564819,-0.003906428348273039
26.855597972869873,-0.04998965561389923,0.007542452774941921,-0.9986070990562439,0.015309721231460571
26.892191171646118,-0.04988996684551239,0.006027108523994684,-0.9984362721443176,0.024962136521935463
26.9629909992218,-0.04967882111668587,0.004415994044393301,-0.9978459477424622,0.04283789545297623
27.043601036071777,-0.0498536042869091,0.003062377916648984,-0.9970415234565735,0.05867933854460716
27.113701105117798,-0.050083357840776443,0.0022286835592240095,-0.995084285736084,0.0856611430644989
27.181201934814453,-0.04972580075263977,0.0026512094773352146,-0.9934001564979553,0.10356669872999191
27.266420125961304,-0.050804078578948975,0.003368239151313901,-0.9904366135597229,0.12847782671451569
27.347774982452393,-0.05069180205464363,0.0034327039029449224,-0.987151563167572,0.15174277126789093
27.417915105819702,-0.04986809939146042,0.0039107659831643105,-0.9841282367706299,0.1704832762479782
27.53820013999939,-0.0493294857442379,0.005193672142922878,-0.9779393672943115,0.20316806435585022
27.608603954315186,-0.04854125156998634,0.0060812667943537235,-0.9739709496498108,0.22153595089912415
27.68087911605835,-0.0474885068833828,0.006384708918631077,-0.970334529876709,0.23717179894447327
27.749683141708374,-0.04628274217247963,0.005703408271074295,-0.9668627381324768,0.25112733244895935
27.82378315925598,-0.0425335168838501,0.0008213160908780992,-0.9643430113792419,0.2613339424133301
27.897701025009155,-0.0398578867316246,-0.003892949316650629,-0.9619588255882263,0.2703341543674469
27.982920169830322,-0.03796221315860748,-0.0077645001001656055,-0.959526002407074,0.27903059124946594
28.06384015083313,-0.037683818489313126,-0.010271227918565273,-0.9572030901908875,0.28685060143470764
28.11610198020935,-0.03737251088023186,-0.011415539309382439,-0.9559899568557739,0.2908397316932678
28.185745000839233,-0.037276092916727066,-0.01252198126167059,-0.9544689059257507,0.2957679331302643
28.26128602027893,-0.03729967027902603,-0.01344639714807272,-0.9527148604393005,0.30133193731307983
28.334530115127563,-0.03771113231778145,-0.0166169460862875,-0.9522252082824707,0.3026137948036194
28.404941082000732,-0.038767434656620026,-0.01994204707443714,-0.9518193602561951,0.3035617172718048
28.447232007980347,-0.03945264220237732,-0.022118981927633286,-0.9514869451522827,0.3043580651283264
28.575623989105225,-0.040905024856328964,-0.027580535039305687,-0.9506204128265381,0.3064437806606293
28.64690899848938,-0.041370637714862823,-0.030549105256795883,-0.9502147436141968,0.307336688041687
28.76688003540039,-0.042130183428525925,-0.0347696878015995,-0.9496729373931885,0.3084191083908081
28.83801007270813,-0.04237512871623039,-0.03663269057869911,-0.9502847194671631,0.30627143383026123
28.90751600265503,-0.043109867721796036,-0.03820519149303436,-0.9511795043945312,0.30316129326820374
28.984615087509155,-0.04365427792072296,-0.03972708061337471,-0.9525678753852844,0.29838114976882935
29.057753086090088,-0.044931065291166306,-0.03755536675453186,-0.9556571841239929,0.288467675447464
29.129054069519043,-0.04575123265385628,-0.034547414630651474,-0.9586936235427856,0.27846673130989075
29.25791311264038,-0.042348556220531464,-0.03314587473869324,-0.9693014621734619,0.23959249258041382
29.32825016975403,-0.04306308180093765,-0.034273453056812286,-0.9751124978065491,0.21447016298770905
29.398596048355103,-0.04453527554869652,-0.03493722528219223,-0.9799128174781799,0.19065065681934357
29.465402126312256,-0.04392126202583313,-0.03522850573062897,-0.9839693307876587,0.1689247488975525
29.534471035003662,-0.043440937995910645,-0.03440631181001663,-0.9876404404640198,0.1460280418395996
29.656486988067627,-0.04721001535654068,-0.03236178308725357,-0.9930201172828674,0.10248874127864838
29.7304470539093,-0.04920608550310135,-0.030634263530373573,-0.9952056407928467,0.07847167551517487
29.80511498451233,-0.0506376177072525,-0.029107367619872093,-0.9969954490661621,0.050568897277116776
29.879013061523438,-0.05057115480303764,-0.02814677730202675,-0.9980660676956177,0.021974341943860054
29.947962045669556,-0.05066170543432236,-0.027335744351148605,-0.9983230233192444,-0.0064782677218317986
30.02000117301941,-0.051821112632751465,-0.026065900921821594,-0.9977024793624878,-0.035311564803123474
30.0934100151062,-0.05293158441781998,-0.025259071961045265,-0.9965180158615112,-0.05979875102639198
30.214537143707275,-0.05218910798430443,-0.023948190733790398,-0.9938997030258179,-0.094416543841362
30.28966212272644,-0.05265076830983162,-0.021898461505770683,-0.9917045831680298,-0.11544043570756912
30.358910083770752,-0.05415980517864227,-0.019585369154810905,-0.989006519317627,-0.13642041385173798
30.429927110671997,-0.05516515299677849,-0.01863025687634945,-0.9864418506622314,-0.15365642309188843
30.497483015060425,-0.05589139834046364,-0.018284883350133896,-0.9839245080947876,-0.16901178658008575
30.57234501838684,-0.05710805952548981,-0.016759879887104034,-0.9812427759170532,-0.18350403010845184
30.64576506614685,-0.05831168591976166,-0.015194474719464779,-0.9789084792137146,-0.19536268711090088
30.68282699584961,-0.05864712968468666,-0.01405215822160244,-0.9776462316513062,-0.20157501101493835
30.75186800956726,-0.05885103717446327,-0.011990333907306194,-0.9749465584754944,-0.21434059739112854
30.82188606262207,-0.05752069130539894,-0.01079634390771389,-0.9714316129684448,-0.23022645711898804
30.89179515838623,-0.0565527081489563,-0.009866151958703995,-0.966964840888977,-0.24866780638694763
30.963736057281494,-0.05685381218791008,-0.009309498593211174,-0.9642988443374634,-0.25859886407852173
31.00129008293152,-0.05682791396975517,-0.008823899552226067,-0.9631096124649048,-0.2631305158138275
31.073896169662476,-0.05703490227460861,-0.006179714109748602,-0.9601960778236389,-0.273617684841156
31.143949031829834,-0.05768541619181633,-0.0026502031832933426,-0.9569755792617798,-0.28451380133628845
31.215167999267578,-0.05882290378212929,0.0016360478475689888,-0.9533936381340027,-0.2960972189903259
31.28590202331543,-0.06083988398313522,0.006750540807843208,-0.9488075971603394,-0.31001541018486023
31.41531014442444,-0.06256456673145294,0.011402369476854801,-0.9423057436943054,-0.3287590742111206
31.483824968338013,-0.0611627958714962,0.011917181313037872,-0.9399232268333435,-0.3357328772544861
31.56007695198059,-0.058477770537137985,0.013051705434918404,-0.9377643465995789,-0.3421405553817749
31.63667917251587,-0.05454293638467789,0.01597072370350361,-0.935309648513794,-0.34939470887184143
31.705930948257446,-0.05222461372613907,0.017864922061562538,-0.9334344863891602,-0.35457202792167664
31.780789136886597,-0.052027784287929535,0.01799193024635315,-0.9327080845832825,-0.3563988208770752
31.852368116378784,-0.05305423215031624,0.017498834058642387,-0.9335082173347473,-0.35412225127220154
31.97722101211548,-0.05443623661994934,0.0107269873842597,-0.9412027597427368,-0.3330245614051819
32.048644065856934,-0.05345149338245392,0.004008297808468342,-0.9480990171432495,-0.3132244646549225
32.11922597885132,-0.05194816365838051,-0.0003281252575106919,-0.9537169337272644,-0.29595237970352173
32.194600105285645,-0.05174438655376434,-0.0015021429862827063,-0.9601781964302063,-0.2743053138256073
32.267457008361816,-0.05196676775813103,-0.0015483289025723934,-0.9655539393424988,-0.2547420859336853
32.33922004699707,-0.051408182829618454,-0.0019922193605452776,-0.9701145887374878,-0.23691892623901367
32.414478063583374,-0.050303034484386444,-0.0038638391997665167,-0.9743847846984863,-0.21870490908622742
32.484912157058716,-0.04957254230976105,-0.005972130689769983,-0.9786186218261719,-0.19898788630962372
32.52112913131714,-0.04899964854121208,-0.007224272936582565,-0.9807913303375244,-0.18840670585632324
32.56266903877258,-0.04819120839238167,-0.008276727981865406,-0.9831661581993103,-0.17550615966320038
32.60122799873352,-0.047288309782743454,-0.009239252656698227,-0.9851182699203491,-0.1644969880580902
32.67792296409607,-0.04564506560564041,-0.010501663200557232,-0.9880525469779968,-0.14664019644260406
32.76134395599365,-0.04539152979850769,-0.010680505074560642,-0.9905115962028503,-0.12908391654491425
32.83399510383606,-0.047121040523052216,-0.008146003820002079,-0.9928256869316101,-0.10930504649877548
32.90415811538696,-0.0509071946144104,-0.00213950895704329,-0.9950282573699951,-0.08528365194797516
32.980674028396606,-0.054670676589012146,0.015497971326112747,-0.9962671995162964,-0.06482446193695068
33.05133104324341,-0.05575454235076904,0.03781436011195183,-0.9961504936218262,-0.05598145350813866
33.177700996398926,-0.05298855900764465,0.07404673844575882,-0.9944670796394348,-0.05236868932843208
33.237022161483765,-0.05177438259124756,0.09101644158363342,-0.9932007193565369,-0.05083529278635979
33.30673909187317,-0.050840217620134354,0.11197200417518616,-0.9912333488464355,-0.048323746770620346
33.374500036239624,-0.04688898101449013,0.12051836401224136,-0.9903743863105774,-0.04936952888965607
33.44657897949219,-0.04341297596693039,0.12566320598125458,-0.9898551106452942,-0.05013363063335419
33.57376313209534,-0.03974997252225876,0.14008620381355286,-0.9876824617385864,-0.05734363570809364
33.64867901802063,-0.03887289762496948,0.14863178133964539,-0.9864279627799988,-0.057926956564188004
33.716310024261475,-0.03711537644267082,0.16120842099189758,-0.984603226184845,-0.056431569159030914
33.78546404838562,-0.035147570073604584,0.17758390307426453,-0.9819589257240295,-0.05461353063583374
33.85259008407593,-0.03340961039066315,0.19320523738861084,-0.9791416525840759,-0.05324966087937355
33.92644715309143,-0.031275589019060135,0.20952992141246796,-0.9759200811386108,-0.05194239690899849
34.00152111053467,-0.028623634949326515,0.2267960011959076,-0.9722003936767578,-0.05068384110927582
34.07444095611572,-0.025983095169067383,0.24367839097976685,-0.9682501554489136,-0.04936342313885689
34.150830030441284,-0.02339731529355049,0.26296335458755493,-0.9633030295372009,-0.048466961830854416
34.22005796432495,-0.020775942131876945,0.28244706988334656,-0.9578915238380432,-0.04726842790842056
34.291687965393066,-0.01814565248787403,0.3027935326099396,-0.951766848564148,-0.04610387608408928
34.37155508995056,-0.015551595017313957,0.32501640915870667,-0.9444665312767029,-0.04587973654270172
34.446768045425415,-0.01295260526239872,0.3429354131221771,-0.9381356239318848,-0.046144720166921616
34.51927709579468,-0.011543003842234612,0.35476425290107727,-0.9337136149406433,-0.04679086059331894
34.63950204849243,-0.00847340002655983,0.3624576926231384,-0.9306747317314148,-0.04897589609026909
34.7149600982666,-0.007533027790486813,0.3669886291027069,-0.9288429021835327,-0.05015242099761963
34.78375196456909,-0.006505667231976986,0.36924055218696594,-0.9278833270072937,-0.05152261629700661
34.85584115982056,-0.004494340158998966,0.369719535112381,-0.9276509881019592,-0.05245625227689743
34.92604899406433,-0.0029545051511377096,0.3698181211948395,-0.9275686144828796,-0.05332556366920471
34.995397090911865,-0.0017341597704216838,0.3695361018180847,-0.9276172518730164,-0.05447463318705559
35.037182092666626,-0.0013535055331885815,0.36915135383605957,-0.9278255701065063,-0.05347729101777077
35.15803813934326,-0.0004167750012129545,0.36636364459991455,-0.929111897945404,-0.05026141181588173
35.281782150268555,-0.0026425966061651707,0.34735438227653503,-0.9364988207817078,-0.048038069158792496
35.35079908370972,-0.001544856815598905,0.3309914171695709,-0.94243323802948,-0.04754851013422012
35.420905113220215,0.0010611140169203281,0.3090211749076843,-0.9498977065086365,-0.04687879979610443
35.49171304702759,0.0025360265281051397,0.2859991490840912,-0.9571273922920227,-0.04587676748633385
35.56313395500183,0.004055777098983526,0.25863853096961975,-0.9649087190628052,-0.04515708610415459
35.682708978652954,0.007749564480036497,0.21144035458564758,-0.9765138626098633,-0.04063029959797859
35.754881143569946,0.009050804190337658,0.18418806791305542,-0.9821435213088989,-0.0372011661529541
35.82413601875305,0.010286475531756878,0.15975750982761383,-0.9865060448646545,-0.03427745774388313
35.8634569644928,0.011224135756492615,0.14903399348258972,-0.9882116317749023,-0.033148813992738724
35.90334701538086,0.012669322080910206,0.13649152219295502,-0.9900312423706055,-0.032357703894376755
35.94029116630554,0.013536673039197922,0.1268487274646759,-0.9913135170936584,-0.031975340098142624
35.988166093826294,0.014033425599336624,0.11475985497236252,-0.9927904009819031,-0.03161880746483803
36.05525302886963,0.014165414497256279,0.09957221150398254,-0.9944571852684021,-0.030626963824033737
36.13063406944275,0.011950019747018814,0.08235758543014526,-0.9961544275283813,-0.027354449033737183
36.20345997810364,0.01016062218695879,0.06255883723497391,-0.9976927638053894,-0.024263672530651093
36.2719509601593,0.009834473952651024,0.04262871295213699,-0.998820960521698,-0.020997341722249985
36.345776081085205,0.010045330040156841,0.021120212972164154,-0.9995754957199097,-0.017292549833655357
36.4681351184845,0.006718318909406662,-0.016352329403162003,-0.999744713306427,-0.014042319729924202
36.537627935409546,0.0053533343598246574,-0.04347347468137741,-0.9989595413208008,-0.01267922855913639
36.607272148132324,0.004962529055774212,-0.0696832537651062,-0.9974813461303711,-0.012264447286725044
36.682543992996216,0.0047953929752111435,-0.0941462591290474,-0.995485246181488,-0.01105717197060585
36.751063108444214,0.004664840642362833,-0.11376836895942688,-0.9934532046318054,-0.00920651201158762
36.821529150009155,0.0051079015247523785,-0.1344764083623886,-0.990876317024231,-0.0073201884515583515
36.85712003707886,0.005384500604122877,-0.14349688589572906,-0.9896158576011658,-0.0062951939180493355
36.93275594711304,0.00570807047188282,-0.165129154920578,-0.9862452745437622,-0.0044450960122048855
37.00244212150574,0.003839932382106781,-0.17547285556793213,-0.9844721555709839,-0.0030180877074599266
37.07405614852905,0.001013411907479167,-0.18063771724700928,-0.9835481643676758,-0.0013521092478185892
37.14445209503174,-0.002107314532622695,-0.18654394149780273,-0.9824442863464355,0.00031598913483321667
37.181156158447266,-0.0034933285787701607,-0.19157998263835907,-0.9814704656600952,0.0007009996916167438
37.22084403038025,-0.004851693287491798,-0.19960170984268188,-0.9798640012741089,0.0014597041299566627
37.25528597831726,-0.005743902176618576,-0.207750603556633,-0.9781621694564819,0.0023663511965423822
37.32782316207886,-0.007103586103767157,-0.22608394920825958,-0.9740724563598633,0.004287928808480501
37.41114115715027,-0.009392574429512024,-0.24392755329608917,-0.9697331786155701,0.005363144911825657
37.481465101242065,-0.01095341332256794,-0.25410178303718567,-0.9671008586883545,0.0053220344707369804
37.551254987716675,-0.011828855611383915,-0.2632715702056885,-0.9646344184875488,0.0053520421497523785
37.629300117492676,-0.013215122744441032,-0.27289459109306335,-0.9619389772415161,0.005216511897742748
37.697344064712524,-0.01431555487215519,-0.28179731965065,-0.959354817867279,0.004852268844842911
37.76616811752319,-0.015042820945382118,-0.29020076990127563,-0.9568377733230591,0.00430510938167572
37.82164812088013,-0.015671512112021446,-0.2970738410949707,-0.9547172784805298,0.00405498780310154
37.8901891708374,-0.016107231378555298,-0.3052416145801544,-0.9521304965019226,0.003969529177993536
37.92551898956299,-0.01642427034676075,-0.309993177652359,-0.9505891799926758,0.0038314119447022676
37.997188091278076,-0.016854409128427505,-0.32033565640449524,-0.9471476078033447,0.003518440527841449
38.06657600402832,-0.01735793985426426,-0.329026997089386,-0.9441554546356201,0.003198393387719989
38.13515901565552,-0.01776142790913582,-0.33397364616394043,-0.9424113631248474,0.002584147034212947
38.17078709602356,-0.017756998538970947,-0.33412039279937744,-0.9423600435256958,0.0024151920806616545
38.21629309654236,-0.017604244872927666,-0.3331916928291321,-0.9426916837692261,0.00238015316426754
38.336426973342896,-0.017998576164245605,-0.32769423723220825,-0.9446108937263489,0.0016532003646716475
38.40782403945923,-0.017253167927265167,-0.32061490416526794,-0.9470512270927429,-0.001567132188938558
38.47898817062378,-0.01627647876739502,-0.31268295645713806,-0.9497089385986328,-0.004245685413479805
38.546826124191284,-0.016238586977124214,-0.29527807235717773,-0.9552501440048218,-0.006674715783447027
38.61493396759033,-0.01894219219684601,-0.2723727226257324,-0.9619798064231873,-0.0069900937378406525
38.65223503112793,-0.020792627707123756,-0.257549911737442,-0.9660159349441528,-0.007000836543738842
38.69057893753052,-0.022382257506251335,-0.2410098761320114,-0.9702368378639221,-0.007329536601901054
38.728878021240234,-0.023693187162280083,-0.2233780175447464,-0.9744144678115845,-0.007579310797154903
38.79714107513428,-0.02597956173121929,-0.18932805955410004,-0.9815379977226257,-0.007945980876684189
38.86506915092468,-0.028218304738402367,-0.15695732831954956,-0.9871715903282166,-0.00777173088863492
38.93487215042114,-0.0304136760532856,-0.12662330269813538,-0.991439163684845,-0.009517784230411053
38.97355914115906,-0.03165438771247864,-0.11168794333934784,-0.9931799173355103,-0.01088645774871111
39.0425751209259,-0.033345598727464676,-0.08744283020496368,-0.995510458946228,-0.014156592078506947
39.11349105834961,-0.03780878707766533,-0.06635141372680664,-0.9969879984855652,-0.013516677543520927
39.18558311462402,-0.037894800305366516,-0.048276204615831375,-0.9980141520500183,-0.014212274923920631
39.25407314300537,-0.03415293991565704,-0.040378328412771225,-0.998462975025177,-0.016608964651823044
39.28942394256592,-0.03159582242369652,-0.03688792139291763,-0.9986650943756104,-0.017588600516319275
39.363924980163574,-0.02857171930372715,-0.02792714163661003,-0.999035656452179,-0.01822945475578308
39.43462514877319,-0.02764841541647911,-0.015889957547187805,-0.9993032217025757,-0.019409336149692535
39.50428104400635,-0.027633344754576683,-0.005166511982679367,-0.9993909001350403,-0.020676814019680023
39.57388710975647,-0.025161219760775566,-0.0031588224228471518,-0.9994286298751831,-0.022368043661117554
39.60789203643799,-0.023782875388860703,-0.0006525797653011978,-0.9994504451751709,-0.023098822683095932
39.67651915550232,-0.022802511230111122,0.009874165058135986,-0.9994226694107056,-0.023135337978601456
39.74695801734924,-0.023799795657396317,0.023529380559921265,-0.9991918802261353,-0.022254498675465584
39.816319942474365,-0.023003743961453438,0.02649475820362568,-0.9991275668144226,-0.02265114337205887
39.939769983291626,-0.02208646386861801,0.026653045788407326,-0.9991303086280823,-0.02324853651225567
40.00760006904602,-0.02250163070857525,0.02420218661427498,-0.999192476272583,-0.02284504659473896
40.080580949783325,-0.02265724539756775,0.020998498424887657,-0.9992749094963074,-0.022250978276133537
40.15225100517273,-0.02319299802184105,0.01758049987256527,-0.999347984790802,-0.021357987076044083
40.221413135528564,-0.02232426032423973,0.015204045921564102,-0.9994006752967834,-0.02165275067090988
40.291375160217285,-0.02092335931956768,0.011993328109383583,-0.9994867444038391,-0.021081367507576942
40.32563900947571,-0.02163310907781124,0.011652151122689247,-0.9994806051254272,-0.020861418917775154
40.39503002166748,-0.022277360782027245,0.010137937031686306,-0.9994779825210571,-0.02110341005027294
40.46372413635254,-0.022558610886335373,0.007072119973599911,-0.9995079040527344,-0.020618367940187454
40.533552169799805,-0.022859664633870125,0.00514844199642539,-0.9995067119598389,-0.02092163823544979
40.57134294509888,-0.02287610061466694,0.004296834580600262,-0.9995049238204956,-0.021172044798731804
40.642330169677734,-0.02255636639893055,0.003057647030800581,-0.9995108246803284,-0.021449903026223183
40.73687505722046,-0.022044453769922256,0.0018052447121590376,-0.9995186924934387,-0.02175108902156353
40.807746171951294,-0.02173340506851673,0.0009476728155277669,-0.9995207786560059,-0.022024007514119148
40.8814811706543,-0.021369919180870056,-0.0002271534758619964,-0.9995215535163879,-0.022358311340212822
40.95606803894043,-0.021438097581267357,-0.0012262321542948484,-0.9995130300521851,-0.022644782438874245
41.029216051101685,-0.02164873667061329,-0.004229640122503042,-0.9995185136795044,-0.021797195076942444
41.103517055511475,-0.02030474878847599,-0.007072929758578539,-0.9995389580726624,-0.021438948810100555
41.17665505409241,-0.020372822880744934,-0.007860591635107994,-0.9995312094688416,-0.021456880494952202
41.30081796646118,-0.019981486722826958,-0.009604649618268013,-0.9995167851448059,-0.02178836055099964
41.37128710746765,-0.020058367401361465,-0.010435954667627811,-0.9995044469833374,-0.021894678473472595
41.41300106048584,-0.019992856308817863,-0.010636217892169952,-0.9995013475418091,-0.022006072103977203
41.448907136917114,-0.01980486325919628,-0.010942119173705578,-0.9994960427284241,-0.022265160456299782
41.515931129455566,-0.019507762044668198,-0.010786773636937141,-0.9994871020317078,-0.02300758846104145
41.58466196060181,-0.01934376172721386,-0.011017474345862865,-0.9994804859161377,-0.023310111835598946
41.65403914451599,-0.01915537379682064,-0.011215604841709137,-0.9994792342185974,-0.023416055366396904
41.69270300865173,-0.01913926750421524,-0.011204516515135765,-0.9994776844978333,-0.02350960671901703
41.73132801055908,-0.01922116056084633,-0.011201613582670689,-0.9994717836380005,-0.023697109892964363
41.76581597328186,-0.01931886002421379,-0.011282009072601795,-0.9994637370109558,-0.023910272866487503
41.84183716773987,-0.0189594104886055,-0.011739122681319714,-0.9994596838951111,-0.02414238266646862
41.91300415992737,-0.01872243545949459,-0.011953880079090595,-0.9994590282440186,-0.024257872253656387
41.985620975494385,-0.018394578248262405,-0.012463332153856754,-0.9994571805000305,-0.024316605180501938
42.05661416053772,-0.01819232478737831,-0.012909182347357273,-0.9994581341743469,-0.02420445904135704
42.12972807884216,-0.01790631003677845,-0.01421570498496294,-0.9994693398475647,-0.023354362696409225
42.16504406929016,-0.01825667917728424,-0.014214917086064816,-0.9994596838951111,-0.023310622200369835
42.23708415031433,-0.018299104645848274,-0.013879939913749695,-0.9994996190071106,-0.021745873615145683
42.305135011672974,-0.01805991493165493,-0.013782862573862076,-0.9995061159133911,-0.021703621372580528
42.37993907928467,-0.0176005307585001,-0.014081518165767193,-0.9995062947273254,-0.02189105935394764
42.449625968933105,-0.017374375835061073,-0.014151751063764095,-0.9995105862617493,-0.02183881402015686
42.48712515830994,-0.017274316400289536,-0.013899674639105797,-0.999509871006012,-0.02210949920117855
42.55541396141052,-0.01667233556509018,-0.01414652168750763,-0.9995127320289612,-0.022282030433416367
42.62413215637207,-0.016366029158234596,-0.014362042769789696,-0.9995105862617493,-0.022473419085144997
42.69116401672363,-0.01643350161612034,-0.014688144437968731,-0.9994931221008301,-0.02297290787100792
42.73036003112793,-0.01658117026090622,-0.01477666012942791,-0.9994851350784302,-0.02316870167851448
42.78017711639404,-0.016716541722416878,-0.014927305281162262,-0.9994757771492004,-0.02336549200117588
42.852030992507935,-0.01679682917892933,-0.01511544082313776,-0.9994688630104065,-0.023480858653783798
42.88804316520691,-0.01682598516345024,-0.015181254595518112,-0.9994663000106812,-0.023533210158348083
42.95536804199219,-0.01695825904607773,-0.015235228464007378,-0.999457597732544,-0.023769067600369453
43.02279496192932,-0.016818653792142868,-0.015300898812711239,-0.9994518756866455,-0.02406264655292034
43.094056129455566,-0.016650088131427765,-0.015369324944913387,-0.9994472861289978,-0.024318985641002655
43.13051104545593,-0.016568994149565697,-0.015414693392813206,-0.999444842338562,-0.024454832077026367
43.2018301486969,-0.016416655853390694,-0.015478391200304031,-0.9994410276412964,-0.024679871276021004
43.27402210235596,-0.016253430396318436,-0.015590577386319637,-0.99943608045578,-0.024906249716877937
43.344568967819214,-0.016107583418488503,-0.015693210065364838,-0.9994314908981323,-0.02512589655816555
43.41307306289673,-0.01596527360379696,-0.015828266739845276,-0.9994255900382996,-0.025365231558680534
43.44872808456421,-0.015873786062002182,-0.015856551006436348,-0.9994234442710876,-0.025484079495072365
43.48867416381836,-0.015785997733473778,-0.01591406762599945,-0.9994211196899414,-0.025590600445866585
43.52833914756775,-0.015725890174508095,-0.015964249148964882,-0.9994191527366638,-0.02568022720515728
43.60112810134888,-0.015588806942105293,-0.016064925119280815,-0.9994145631790161,-0.025875335559248924
43.67508912086487,-0.015465114265680313,-0.016137082129716873,-0.9994166493415833,-0.02582656778395176
43.746155977249146,-0.015367325395345688,-0.01621779426932335,-0.9994102120399475,-0.026075119152665138
43.81904911994934,-0.015266215428709984,-0.016342975199222565,-0.9994078874588013,-0.026140492409467697
43.88804316520691,-0.015210461802780628,-0.01645481400191784,-0.9994059205055237,-0.02618543431162834
43.92218995094299,-0.015154839493334293,-0.016472257673740387,-0.9994063377380371,-0.026190059259533882
43.991745948791504,-0.015101272612810135,-0.016516761854290962,-0.999405026435852,-0.02624792978167534
44.06549906730652,-0.015016972087323666,-0.016595447435975075,-0.9994058609008789,-0.026213500648736954
44.13356399536133,-0.014968384988605976,-0.016694514080882072,-0.9994000196456909,-0.026401633396744728
44.1690571308136,-0.014928868040442467,-0.016742156818509102,-0.9993985891342163,-0.02644193172454834
44.2369019985199,-0.014884470030665398,-0.01680472120642662,-0.9993972182273865,-0.026487266644835472
44.306971073150635,-0.014793680049479008,-0.016880439594388008,-0.9993939399719238,-0.026605427265167236
44.37561917304993,-0.014742670580744743,-0.016926681622862816,-0.9993947744369507,-0.02657213807106018
44.49642515182495,-0.014610196463763714,-0.017002934589982033,-0.999396026134491,-0.026547987014055252
44.56619095802307,-0.014548534527420998,-0.017034877091646194,-0.9993969798088074,-0.026527350768446922
44.63930106163025,-0.014489298686385155,-0.01708449050784111,-0.9993972778320312,-0.026517096906900406
44.71107816696167,-0.014422154985368252,-0.01711072027683258,-0.9993988275527954,-0.026478661224246025
44.78324604034424,-0.014329014346003532,-0.01710737682878971,-0.9994064569473267,-0.02624344266951084
44.85542607307434,-0.01425313763320446,-0.017184371128678322,-0.9994044899940491,-0.02630781941115856
44.89835500717163,-0.014204371720552444,-0.017191778868436813,-0.9994035363197327,-0.02636641636490822
44.969117164611816,-0.014138712547719479,-0.017300184816122055,-0.9994012713432312,-0.026416229084134102
45.04616713523865,-0.014062263071537018,-0.01736217923462391,-0.99940025806427,-0.026456980034708977
45.11742615699768,-0.013979243114590645,-0.017422916367650032,-0.9993991255760193,-0.026504822075366974
45.19395709037781,-0.013910180889070034,-0.017453743144869804,-0.9994013905525208,-0.026437750086188316
45.26575207710266,-0.013879339210689068,-0.017499234527349472,-0.9993984699249268,-0.026529552415013313
45.33314108848572,-0.013841485604643822,-0.017529141157865524,-0.9993951320648193,-0.02665090188384056
45.36923694610596,-0.01380755752325058,-0.017541706562042236,-0.9993961453437805,-0.02661924436688423
45.43885612487793,-0.013757411390542984,-0.01751542277634144,-0.9994011521339417,-0.02648094855248928
45.50688600540161,-0.013719052076339722,-0.017606891691684723,-0.9994021058082581,-0.02640674263238907
45.577805042266846,-0.013696952722966671,-0.01764511503279209,-0.9994011521339417,-0.026425855234265327
45.647202014923096,-0.013633111491799355,-0.01767662726342678,-0.9994025826454163,-0.026385515928268433
45.68232798576355,-0.013631417416036129,-0.017679696902632713,-0.9994027018547058,-0.026381272822618484
45.75649404525757,-0.013576957397162914,-0.017712799832224846,-0.9994024634361267,-0.026393964886665344
45.824893951416016,-0.013552472926676273,-0.017722032964229584,-0.9994029402732849,-0.026378290727734566
45.897011041641235,-0.013527032919228077,-0.01775353029370308,-0.9994056224822998,-0.026273490861058235
46.01601815223694,-0.013446757569909096,-0.01776978187263012,-0.9994075894355774,-0.026224035769701004
46.087939977645874,-0.013435044325888157,-0.01779046654701233,-0.9994070529937744,-0.026241257786750793
46.15486001968384,-0.013400775380432606,-0.017836185172200203,-0.9994062185287476,-0.026261650025844574
46.23113393783569,-0.01336422748863697,-0.01787213236093521,-0.9994057416915894,-0.0262669175863266
46.29984998703003,-0.013359665870666504,-0.017948860302567482,-0.9994021654129028,-0.02635876089334488
46.370599031448364,-0.013352501206099987,-0.01798136718571186,-0.999401867389679,-0.026343129575252533
46.406315088272095,-0.01335237082093954,-0.01801581308245659,-0.9994019269943237,-0.026319876313209534
46.479565143585205,-0.013344061560928822,-0.018009886145591736,-0.9994034767150879,-0.026271939277648926
46.55316710472107,-0.013311374001204967,-0.018002942204475403,-0.9994034171104431,-0.026297250762581825
46.62418794631958,-0.013299092650413513,-0.018054790794849396,-0.999398410320282,-0.026453282684087753
46.693525075912476,-0.013284917920827866,-0.018071258440613747,-0.9993988871574402,-0.026430565863847733
46.76472806930542,-0.013270777650177479,-0.01810385286808014,-0.9993993639945984,-0.026404554024338722
46.83254814147949,-0.013243485242128372,-0.018119830638170242,-0.99940025806427,-0.02636531926691532
46.913094997406006,-0.013213532976806164,-0.018110377714037895,-0.9994021058082581,-0.02632054314017296
46.991809129714966,-0.01315118558704853,-0.018154747784137726,-0.9994022250175476,-0.02631763182580471
47.06809616088867,-0.013128005899488926,-0.018152572214603424,-0.9994041323661804,-0.02625768817961216
47.14324998855591,-0.013093674555420876,-0.018131330609321594,-0.999405562877655,-0.02623656764626503
47.26416301727295,-0.013057891279459,-0.018142394721508026,-0.9994093775749207,-0.026091793552041054
47.337881088256836,-0.01300912443548441,-0.018142621964216232,-0.999409019947052,-0.026142511516809464
47.46016716957092,-0.012954296544194221,-0.018088260665535927,-0.9994122982025146,-0.026082269847393036
47.5844349861145,-0.012914168648421764,-0.01807725615799427,-0.9994099140167236,-0.026196662336587906
47.65699100494385,-0.012879697605967522,-0.018092328682541847,-0.9994103312492371,-0.026187898591160774
47.77952814102173,-0.012847628444433212,-0.01815609075129032,-0.9994105100631714,-0.026143724098801613
47.89967107772827,-0.012788661755621433,-0.018152674660086632,-0.9994115233421326,-0.026140199974179268
47.96992802619934,-0.01275059673935175,-0.01814194954931736,-0.9994123578071594,-0.026139501482248306
48.044203996658325,-0.012730472721159458,-0.01819249615073204,-0.9994103312492371,-0.02618948183953762
48.11370396614075,-0.012709274888038635,-0.018175937235355377,-0.9994121789932251,-0.026132192462682724
48.18352007865906,-0.012716724537312984,-0.018205830827355385,-0.9994103312492371,-0.026186855509877205
48.3028450012207,-0.012704277411103249,-0.018218964338302612,-0.9994115829467773,-0.026132620871067047
48.37414813041687,-0.012707160785794258,-0.01822366937994957,-0.9994139671325684,-0.02604256384074688
48.4467351436615,-0.01270255260169506,-0.018243582919239998,-0.9994174242019653,-0.025899214670062065
48.51900815963745,-0.012678196653723717,-0.018211280927062035,-0.9994176030158997,-0.025922875851392746
48.5897581577301,-0.012645726092159748,-0.01824456825852394,-0.9994165897369385,-0.025955650955438614
48.65674901008606,-0.01262793317437172,-0.018260560929775238,-0.9994208812713623,-0.025785211473703384
48.782286167144775,-0.012616927735507488,-0.018289370462298393,-0.9994217753410339,-0.025740494951605797
48.852389097213745,-0.012623172253370285,-0.018294166773557663,-0.9994210004806519,-0.025761114433407784
48.92038416862488,-0.012619937770068645,-0.018266573548316956,-0.9994212985038757,-0.025769850239157677
48.9886040687561,-0.012601366266608238,-0.018284182995557785,-0.9994209408760071,-0.025778569281101227
49.058598041534424,-0.012578030116856098,-0.01828301139175892,-0.9994211792945862,-0.025777265429496765
49.133991956710815,-0.012528087012469769,-0.018272388726472855,-0.9994231462478638,-0.025740280747413635
49.20224714279175,-0.012492670677602291,-0.018273895606398582,-0.9994202852249146,-0.025866910815238953
49.240947008132935,-0.012484801933169365,-0.018285498023033142,-0.9994192719459534,-0.025901632383465767
49.31232810020447,-0.012461217120289803,-0.01826946809887886,-0.9994204640388489,-0.025879567489027977
49.38196516036987,-0.012426859699189663,-0.018291529268026352,-0.9994176626205444,-0.02598653733730316
49.45107698440552,-0.0124197481200099,-0.01827908493578434,-0.9994218349456787,-0.025836022570729256
49.521849155426025,-0.012390787713229656,-0.01829366385936737,-0.999422013759613,-0.02583298087120056
49.55822205543518,-0.012358119711279869,-0.018315106630325317,-0.9994226098060608,-0.02580600418150425
49.633825063705444,-0.012340996414422989,-0.018292339518666267,-0.999426543712616,-0.025685228407382965
49.71821904182434,-0.012320313602685928,-0.018326574936509132,-0.999424397945404,-0.02575487457215786
49.785118103027344,-0.012311077676713467,-0.01834516040980816,-0.9994228482246399,-0.025804312899708748
49.85593605041504,-0.012295716442167759,-0.01838916540145874,-0.9994214177131653,-0.02583586797118187
49.92759609222412,-0.012284528464078903,-0.01839633658528328,-0.9994205832481384,-0.025863945484161377
50.04770493507385,-0.012219052761793137,-0.01835969090461731,-0.9994229078292847,-0.025828134268522263
50.11798810958862,-0.012200325727462769,-0.01839417777955532,-0.999422013759613,-0.02584175392985344
50.191282987594604,-0.012187627144157887,-0.018453793600201607,-0.9994204044342041,-0.02587621845304966
50.27259016036987,-0.012150108814239502,-0.01844782941043377,-0.999423086643219,-0.025809060782194138
50.33977293968201,-0.012139366008341312,-0.01841851882636547,-0.9994238018989563,-0.02579905092716217
50.40755105018616,-0.012121149338781834,-0.0184251070022583,-0.9994223713874817,-0.02585497498512268
50.48307514190674,-0.012091437354683876,-0.01843063347041607,-0.9994216561317444,-0.025892555713653564
50.51796507835388,-0.012067362666130066,-0.018410135060548782,-0.9994210004806519,-0.025941118597984314
50.58586812019348,-0.012042687274515629,-0.018452776595950127,-0.9994190335273743,-0.026000874117016792
50.65897798538208,-0.011994845233857632,-0.01842515356838703,-0.9994195103645325,-0.026013270020484924
50.72717308998108,-0.011959261260926723,-0.018398437649011612,-0.9994189143180847,-0.0260815117508173
50.80226707458496,-0.01193110179156065,-0.01842341385781765,-0.9994181990623474,-0.026107998564839363
50.83739709854126,-0.01190807856619358,-0.01841324009001255,-0.999417781829834,-0.026138445362448692
50.90915608406067,-0.011871370486915112,-0.01838243566453457,-0.9994179010391235,-0.0261696670204401
50.983346939086914,-0.011866742745041847,-0.018435053527355194,-0.9994166493415833,-0.02618839591741562
51.05614900588989,-0.01185540109872818,-0.018454592674970627,-0.9994166493415833,-0.02618294581770897
51.127537965774536,-0.011852817609906197,-0.018454406410455704,-0.9994146227836609,-0.026251262053847313
51.25194597244263,-0.011835232377052307,-0.018436746671795845,-0.9994189143180847,-0.026103029027581215
51.326012134552,-0.011813844554126263,-0.01845724508166313,-0.9994187951087952,-0.026111358776688576
51.39566993713379,-0.011777550913393497,-0.018456146121025085,-0.9994196891784668,-0.026095477864146233
51.52021908760071,-0.011725951917469501,-0.0184406079351902,-0.9994213581085205,-0.02606639452278614
51.59527802467346,-0.011695360764861107,-0.018441684544086456,-0.9994217157363892,-0.026064276695251465
51.664567947387695,-0.011688410304486752,-0.018480461090803146,-0.9994209408760071,-0.02607012540102005
51.73432207107544,-0.011702713556587696,-0.018553828820586205,-0.9994188547134399,-0.02609783597290516
51.80242204666138,-0.011666432954370975,-0.01852208934724331,-0.9994170069694519,-0.026198921725153923
51.87570810317993,-0.011666880920529366,-0.018554547801613808,-0.999417245388031,-0.02616826258599758
51.99896216392517,-0.011595518328249454,-0.018515340983867645,-0.9994216561317444,-0.026055900380015373
52.076499938964844,-0.011587546207010746,-0.01853642612695694,-0.9994209408760071,-0.026077132672071457
52.144582986831665,-0.011568253859877586,-0.018515389412641525,-0.9994217157363892,-0.026065805926918983
52.217556953430176,-0.011540568433701992,-0.018532730638980865,-0.9994217157363892,-0.026069549843668938
52.28896403312683,-0.011508315801620483,-0.01853336952626705,-0.9994249939918518,-0.02596442960202694
52.3599419593811,-0.01145895291119814,-0.018539903685450554,-0.9994244575500488,-0.025990528985857964
52.43347716331482,-0.01142581645399332,-0.018518203869462013,-0.9994252324104309,-0.026011502370238304
52.46828508377075,-0.01141249667853117,-0.01851165108382702,-0.999424934387207,-0.026017747819423676
52.51252293586731,-0.011412867344915867,-0.018548183143138885,-0.9994208216667175,-0.02614409290254116
52.548320055007935,-0.0114196902140975,-0.018566060811281204,-0.9994178414344788,-0.02624605782330036
52.61770701408386,-0.011432367376983166,-0.018557125702500343,-0.999419093132019,-0.026196027174592018
52.686367988586426,-0.011419718153774738,-0.018547603860497475,-0.9994204640388489,-0.026154564693570137
52.7548291683197,-0.011387089267373085,-0.018575748428702354,-0.9994216561317444,-0.026104535907506943
52.7992000579834,-0.011368056759238243,-0.01859612762928009,-0.999418318271637,-0.026225170120596886
52.86963200569153,-0.011333107016980648,-0.018583759665489197,-0.9994195103645325,-0.026207076385617256
52.93745803833008,-0.011302370578050613,-0.018591469153761864,-0.9994221925735474,-0.026110650971531868
53.0094690322876,-0.011267944239079952,-0.018543343991041183,-0.9994252920150757,-0.02604486234486103
53.08271598815918,-0.0112672233954072,-0.018563948571681976,-0.9994232058525085,-0.026111362501978874
53.163416147232056,-0.011222363449633121,-0.018552247434854507,-0.9994234442710876,-0.026134032756090164
53.234018087387085,-0.011191007681190968,-0.01858511194586754,-0.9994221329689026,-0.026165170595049858
53.26925206184387,-0.011180668137967587,-0.018564442172646523,-0.9994229078292847,-0.026156464591622353
53.33872199058533,-0.01116206031292677,-0.018551666289567947,-0.9994203448295593,-0.02627427503466606
53.411543130874634,-0.011129140853881836,-0.01856597326695919,-0.999422013759613,-0.026207229122519493
53.482085943222046,-0.011113936081528664,-0.018535146489739418,-0.9994242787361145,-0.026154162362217903
53.5540931224823,-0.01113090943545103,-0.01852317340672016,-0.9994252324104309,-0.026116885244846344
53.588436126708984,-0.011124701239168644,-0.018540319055318832,-0.9994252324104309,-0.026097817346453667
53.65723395347595,-0.011125396005809307,-0.01856182888150215,-0.9994254112243652,-0.02608981542289257
53.72506499290466,-0.011116820387542248,-0.01856810785830021,-0.99942547082901,-0.026080772280693054
53.797106981277466,-0.01112635713070631,-0.01856393739581108,-0.9994261264801025,-0.026052717119455338
53.91751194000244,-0.011066325008869171,-0.018581930547952652,-0.999428927898407,-0.025961482897400856
53.98740816116333,-0.011057433672249317,-0.01858798786997795,-0.9994266629219055,-0.026048358529806137
54.0637640953064,-0.011046813800930977,-0.01857457496225834,-0.999427855014801,-0.025903867557644844
54.13751411437988,-0.011041166260838509,-0.01857541687786579,-0.9994313716888428,-0.025879299268126488
54.204334020614624,-0.011044408194720745,-0.01862843707203865,-0.9994338154792786,-0.025744451209902763
54.28393507003784,-0.0110786072909832,-0.01862598955631256,-0.999431312084198,-0.02583654411137104
54.35456204414368,-0.011066090315580368,-0.01862332783639431,-0.9994338750839233,-0.02574160508811474
54.39339900016785,-0.011037176474928856,-0.018620025366544724,-0.999437153339386,-0.025631040334701538
54.46528100967407,-0.011040612123906612,-0.018631648272275925,-0.9994357228279114,-0.025675319135189056
54.544392108917236,-0.0110378572717309,-0.018692102283239365,-0.9994325041770935,-0.025755321606993675
54.63527798652649,-0.011025182902812958,-0.01865934394299984,-0.9994375705718994,-0.025588564574718475
54.70531511306763,-0.01101326197385788,-0.018650472164154053,-0.9994376301765442,-0.02559978887438774
54.77418494224548,-0.01101598795503378,-0.018672609701752663,-0.9994364976882935,-0.02562016062438488
54.84847116470337,-0.010992349125444889,-0.018662521615624428,-0.9994390606880188,-0.025541555136442184
54.92151498794556,-0.010983739048242569,-0.01864727959036827,-0.9994382858276367,-0.025585254654288292
54.99854516983032,-0.01099157053977251,-0.018687713891267776,-0.9994396567344666,-0.025507841259241104
55.123456954956055,-0.010972150601446629,-0.018730180338025093,-0.9994363188743591,-0.025613030418753624
55.19421315193176,-0.010976853780448437,-0.018697185441851616,-0.9994364380836487,-0.02563009411096573
55.22888803482056,-0.010975080542266369,-0.018712926656007767,-0.9994353652000427,-0.025657860562205315
55.26591610908508,-0.01098006870597601,-0.018707606941461563,-0.9994309544563293,-0.025824129581451416
55.33792304992676,-0.010968087241053581,-0.01873028092086315,-0.9994291067123413,-0.02589048072695732
55.406028032302856,-0.010993794538080692,-0.01873139664530754,-0.9994252920150757,-0.026032306253910065
55.473644971847534,-0.01100919395685196,-0.018694620579481125,-0.9994260668754578,-0.02601529285311699
55.512999057769775,-0.01101612113416195,-0.01870674267411232,-0.9994217157363892,-0.026170639321208
55.581454038619995,-0.011025885120034218,-0.018632909283041954,-0.9994224309921265,-0.026189671829342842
55.66158199310303,-0.011038524098694324,-0.0186430886387825,-0.9994232058525085,-0.02614724077284336
55.72996497154236,-0.011047197505831718,-0.018678907305002213,-0.9994168281555176,-0.02636372670531273
55.80138111114502,-0.011050206609070301,-0.018672382459044456,-0.9994194507598877,-0.02626900188624859
55.88823413848877,-0.011040832847356796,-0.018694883212447166,-0.9994221329689026,-0.02615177631378174
55.967689037323,-0.011037785559892654,-0.018702972680330276,-0.9994248151779175,-0.026042455807328224
56.04598307609558,-0.011042017489671707,-0.01867081969976425,-0.9994269013404846,-0.025989234447479248
56.112890005111694,-0.011027021333575249,-0.0187058262526989,-0.9994283318519592,-0.0259140282869339
56.14939212799072,-0.011025258339941502,-0.018691662698984146,-0.9994286894798279,-0.02590503916144371
56.19347906112671,-0.011018031276762486,-0.018704045563936234,-0.9994286894798279,-0.025899376720190048
56.23105502128601,-0.011006578803062439,-0.018705325201153755,-0.9994286298751831,-0.025913631543517113
56.30104994773865,-0.010977060534060001,-0.018720468506217003,-0.9994284510612488,-0.025918124243617058
56.37603497505188,-0.010968649759888649,-0.018705029040575027,-0.9994262456893921,-0.02601957693696022
